from_id,to_id,tie_strength,physical_proximity,kinship_relation,sharing_history
H1,H929,0.95,0.56,neighbor,2
H1,H946,0.66,1.43,neighbor,2
H1,H358,0.87,1.11,neighbor,0
H1,H305,0.55,1.11,cousin,1
H2,H892,0.42,2.12,sibling,0
H2,H170,0.46,1.8,other,2
H2,H188,0.51,0.14,cousin,1
H2,H159,0.46,0.74,cousin,2
H3,H281,0.69,1.18,other,0
H3,H609,0.77,1.65,other,0
H4,H639,0.95,0.66,other,0
H4,H300,0.4,1.32,other,0
H5,H479,0.86,0.73,other,0
H5,H600,0.66,0.3,cousin,1
H5,H470,0.68,1.37,cousin,2
H6,H359,0.59,0.81,other,1
H6,H20,0.93,1.84,neighbor,0
H6,H267,0.88,0.72,other,2
H6,H925,0.59,1.47,neighbor,0
H7,H522,0.51,0.59,cousin,2
H7,H93,0.78,2.48,other,0
H8,H796,0.64,1.66,sibling,0
H8,H230,0.98,2.35,sibling,0
H8,H130,0.95,1.18,cousin,1
H9,H951,0.91,1.22,other,1
H10,H185,0.85,0.45,cousin,2
H10,H387,0.79,0.65,other,1
H11,H518,0.89,1.61,sibling,0
H11,H711,0.43,1.89,neighbor,1
H11,H887,0.59,0.44,sibling,0
H12,H227,0.69,1.0,neighbor,2
H12,H817,0.81,2.29,other,2
H13,H346,0.6,0.17,sibling,1
H13,H759,0.67,2.06,other,0
H13,H922,0.54,0.46,other,1
H14,H713,0.72,0.47,cousin,2
H14,H732,1.0,1.67,sibling,1
H14,H24,0.6,2.34,other,0
H14,H707,0.68,0.95,sibling,2
H15,H728,0.72,1.9,sibling,2
H15,H842,0.93,1.38,sibling,2
H16,H793,0.93,1.42,sibling,0
H17,H62,0.73,1.11,sibling,1
H18,H510,0.77,0.11,other,1
H18,H527,0.66,2.04,sibling,2
H18,H507,0.6,0.27,neighbor,2
H19,H39,0.89,0.4,neighbor,2
H19,H467,0.4,0.36,other,0
H20,H343,0.98,1.77,sibling,2
H21,H986,0.79,2.35,neighbor,1
H21,H820,0.97,2.08,cousin,1
H21,H212,0.8,0.35,sibling,2
H21,H852,0.4,0.43,other,1
H22,H639,0.77,1.39,neighbor,1
H22,H578,0.93,0.95,sibling,1
H22,H306,0.84,1.29,other,0
H23,H726,0.7,2.4,cousin,2
H23,H630,0.92,1.29,sibling,0
H23,H169,0.8,0.92,sibling,1
H24,H566,0.97,1.07,cousin,1
H24,H853,0.82,1.36,cousin,0
H24,H469,0.45,1.53,cousin,0
H25,H222,0.75,0.24,sibling,0
H25,H269,0.44,1.4,neighbor,2
H25,H816,0.67,2.26,cousin,2
H25,H658,0.63,2.37,sibling,2
H26,H626,0.46,0.97,other,1
H26,H562,0.78,2.22,cousin,1
H26,H356,0.85,0.45,cousin,1
H26,H248,0.49,0.56,other,1
H27,H193,0.76,1.61,neighbor,1
H27,H711,0.64,2.17,cousin,0
H27,H483,0.71,2.27,other,0
H27,H551,0.55,1.65,neighbor,0
H28,H951,0.92,0.61,cousin,2
H29,H101,0.83,1.74,cousin,1
H30,H303,0.73,1.16,neighbor,0
H31,H308,0.63,2.4,other,0
H31,H480,0.71,0.83,sibling,1
H31,H890,0.84,1.17,sibling,2
H31,H804,1.0,0.73,neighbor,0
H32,H74,0.79,1.36,neighbor,0
H32,H316,0.43,0.37,sibling,0
H32,H468,0.61,0.8,other,0
H32,H696,0.78,1.67,other,2
H33,H980,0.51,1.01,cousin,2
H33,H714,0.65,1.25,other,0
H34,H527,0.89,1.9,other,0
H35,H361,0.82,1.87,other,2
H36,H231,0.57,1.37,other,0
H36,H68,0.48,0.95,sibling,2
H37,H851,0.57,0.88,sibling,2
H38,H364,0.68,1.98,neighbor,2
H39,H330,0.71,0.71,other,1
H39,H543,0.77,0.65,other,0
H39,H165,0.83,0.81,cousin,2
H40,H484,0.95,2.05,neighbor,0
H41,H409,0.59,1.26,other,1
H41,H125,0.52,0.1,neighbor,1
H42,H88,0.57,1.83,neighbor,0
H43,H98,0.57,2.13,cousin,0
H43,H739,0.48,1.65,other,2
H43,H304,0.79,0.44,neighbor,1
H44,H286,0.65,0.96,sibling,1
H44,H461,0.98,0.32,cousin,1
H44,H63,0.98,1.0,cousin,2
H45,H732,1.0,0.95,other,0
H46,H274,0.65,0.19,cousin,0
H46,H93,0.88,1.62,other,0
H46,H244,0.82,0.45,other,2
H46,H526,0.57,1.68,other,1
H47,H177,0.59,2.15,sibling,0
H47,H876,0.56,0.55,sibling,0
H47,H936,0.73,1.38,sibling,2
H48,H294,0.42,1.85,other,1
H48,H922,0.96,2.29,neighbor,2
H48,H117,0.5,1.0,other,2
H49,H877,0.91,0.54,other,0
H49,H391,0.62,2.21,sibling,0
H50,H359,0.9,2.48,cousin,1
H50,H400,0.53,1.51,sibling,1
H50,H160,0.67,0.49,other,2
H50,H527,0.61,0.54,sibling,0
H51,H297,0.93,1.45,sibling,0
H52,H871,0.73,0.77,cousin,2
H52,H939,1.0,1.93,sibling,2
H52,H63,0.41,1.63,sibling,0
H52,H333,0.45,1.07,neighbor,0
H53,H928,0.55,1.93,sibling,1
H53,H903,0.78,2.24,cousin,2
H53,H696,0.62,0.3,neighbor,2
H53,H350,0.91,1.07,other,0
H54,H646,0.7,1.94,neighbor,0
H55,H682,0.41,1.1,sibling,0
H55,H381,0.46,0.87,other,1
H56,H594,0.56,0.47,cousin,1
H56,H29,0.46,1.27,cousin,2
H57,H535,0.83,1.28,other,1
H57,H818,0.51,0.69,cousin,1
H57,H531,0.96,1.08,sibling,2
H58,H675,0.46,0.89,other,0
H58,H437,0.49,2.43,cousin,1
H58,H725,0.85,0.89,neighbor,0
H59,H126,0.82,2.18,neighbor,1
H59,H682,0.61,2.48,cousin,2
H60,H326,0.93,1.81,cousin,1
H61,H88,0.56,0.69,neighbor,0
H62,H670,0.52,0.93,other,2
H62,H55,0.82,1.2,cousin,2
H63,H834,0.79,1.97,cousin,2
H63,H252,0.87,1.15,other,2
H63,H488,0.89,1.92,cousin,2
H64,H369,0.81,2.02,sibling,0
H64,H627,0.99,0.46,cousin,1
H65,H121,0.58,0.73,sibling,1
H65,H28,0.68,0.29,neighbor,2
H65,H426,0.82,0.47,other,2
H65,H952,0.76,0.22,neighbor,1
H66,H848,0.64,2.17,neighbor,2
H66,H475,0.43,0.62,neighbor,0
H66,H15,0.87,1.32,other,2
H67,H473,0.75,2.12,neighbor,0
H68,H130,0.92,2.24,cousin,2
H68,H553,0.92,2.08,cousin,0
H69,H702,0.7,1.02,other,1
H69,H366,0.49,2.28,neighbor,0
H69,H766,0.53,2.37,sibling,2
H69,H519,0.84,0.33,sibling,0
H70,H828,0.87,0.56,other,2
H70,H433,0.82,1.96,sibling,0
H71,H397,0.48,0.61,neighbor,0
H71,H620,0.61,1.92,neighbor,0
H71,H303,0.65,2.46,other,0
H71,H808,0.7,1.71,cousin,0
H72,H157,0.9,0.26,cousin,2
H72,H789,0.44,2.14,other,2
H72,H899,0.7,1.08,neighbor,0
H73,H795,0.41,0.93,sibling,2
H73,H181,0.57,1.15,neighbor,1
H74,H868,0.78,0.9,neighbor,0
H75,H364,0.51,0.7,cousin,2
H75,H304,0.41,0.6,neighbor,0
H75,H542,0.88,0.74,cousin,0
H75,H648,0.92,0.26,sibling,2
H76,H355,0.55,1.65,other,2
H76,H253,0.51,1.56,neighbor,2
H76,H525,0.96,1.97,other,0
H77,H956,0.9,0.79,cousin,1
H78,H940,0.9,0.43,other,0
H79,H87,0.72,0.98,sibling,1
H79,H136,0.42,1.37,other,2
H79,H482,0.42,0.78,neighbor,0
H80,H436,0.48,1.93,sibling,0
H80,H720,0.56,0.26,other,0
H81,H259,0.77,0.29,sibling,1
H82,H548,0.66,0.6,neighbor,0
H82,H344,0.45,0.56,neighbor,0
H82,H36,0.85,1.03,neighbor,0
H82,H507,0.43,1.39,other,1
H83,H703,0.56,2.46,neighbor,1
H83,H994,0.93,0.41,neighbor,0
H84,H892,0.85,1.04,other,0
H85,H907,0.69,2.16,other,0
H85,H346,0.66,2.25,sibling,1
H86,H824,0.8,1.67,cousin,1
H86,H383,0.9,0.23,cousin,0
H86,H987,0.69,2.24,sibling,0
H86,H928,0.44,0.8,other,2
H87,H511,0.7,0.76,neighbor,1
H87,H894,0.99,1.2,neighbor,2
H88,H84,0.65,0.98,neighbor,2
H88,H503,0.75,2.12,other,2
H88,H718,0.57,1.25,neighbor,1
H89,H852,0.59,1.89,other,2
H89,H391,0.8,1.91,sibling,0
H89,H157,0.51,2.39,sibling,0
H90,H879,0.91,2.31,cousin,2
H90,H214,0.62,2.38,cousin,0
H90,H279,0.54,0.98,other,0
H90,H185,0.45,1.28,sibling,0
H91,H961,0.53,0.63,neighbor,1
H92,H779,0.59,1.85,sibling,1
H92,H318,0.47,1.69,cousin,2
H92,H229,0.58,2.28,other,1
H93,H206,0.89,1.07,sibling,0
H93,H365,0.72,1.02,other,0
H93,H245,0.45,0.6,cousin,0
H94,H785,0.71,2.16,other,0
H94,H297,0.46,1.97,cousin,2
H95,H537,0.87,1.62,other,1
H96,H235,0.79,1.03,neighbor,0
H97,H106,0.78,2.23,cousin,2
H97,H480,0.89,0.75,neighbor,2
H97,H766,0.4,1.18,sibling,1
H98,H4,0.51,0.93,cousin,0
H99,H352,0.91,2.45,other,2
H100,H149,0.78,1.29,cousin,1
H100,H208,0.84,2.31,cousin,2
H100,H733,0.71,2.21,cousin,1
H100,H402,0.44,2.0,other,2
H101,H411,0.44,0.18,sibling,0
H101,H551,0.78,0.71,neighbor,2
H102,H225,0.5,0.36,neighbor,0
H103,H509,0.92,1.22,other,2
H104,H250,0.43,2.19,cousin,1
H104,H706,0.91,1.65,cousin,0
H105,H349,0.56,0.5,other,1
H105,H925,0.97,0.31,neighbor,0
H106,H208,0.74,0.42,neighbor,1
H106,H915,0.48,0.89,sibling,0
H106,H567,0.63,1.17,cousin,1
H107,H838,0.71,1.58,other,1
H108,H110,0.84,0.36,sibling,2
H109,H417,0.62,0.32,cousin,2
H109,H479,0.99,0.99,neighbor,2
H110,H239,0.4,0.73,cousin,2
H110,H85,0.45,0.75,neighbor,1
H110,H126,0.44,2.48,cousin,2
H110,H7,0.49,2.31,cousin,0
H111,H344,0.93,0.33,sibling,2
H112,H731,0.91,0.97,sibling,2
H113,H198,0.65,2.32,other,1
H113,H528,0.78,1.03,sibling,2
H113,H121,0.85,0.43,other,0
H113,H970,0.63,2.16,other,0
H114,H812,0.54,1.62,other,2
H114,H909,0.44,1.01,other,2
H114,H663,0.82,1.21,cousin,1
H115,H105,0.56,0.41,sibling,1
H115,H329,0.48,0.1,sibling,0
H116,H808,0.78,1.82,other,0
H116,H582,0.6,1.2,neighbor,1
H117,H110,0.67,1.25,other,2
H118,H467,0.94,2.1,sibling,2
H119,H579,0.67,1.97,cousin,1
H119,H255,0.7,0.74,sibling,0
H119,H681,0.86,0.39,neighbor,0
H119,H137,0.42,1.0,neighbor,0
H120,H412,1.0,1.65,sibling,1
H120,H559,0.63,1.8,other,0
H121,H92,0.96,0.32,other,1
H122,H657,0.54,0.45,cousin,0
H122,H824,0.77,1.48,sibling,1
H122,H187,0.52,2.29,other,0
H122,H915,0.64,2.07,sibling,0
H123,H638,0.99,1.89,cousin,1
H124,H881,0.44,1.04,sibling,2
H124,H379,0.47,1.18,cousin,0
H124,H176,0.46,0.87,neighbor,1
H124,H664,0.42,1.75,sibling,2
H125,H524,0.54,0.83,neighbor,2
H125,H698,0.67,1.33,cousin,2
H125,H421,0.76,1.34,sibling,0
H126,H194,0.79,1.6,sibling,1
H126,H639,0.45,1.04,neighbor,2
H126,H547,0.76,0.66,neighbor,2
H126,H961,0.69,1.57,sibling,1
H127,H265,0.8,1.59,other,1
H127,H816,0.71,1.75,sibling,2
H128,H100,0.76,2.13,neighbor,1
H129,H821,0.55,0.77,neighbor,2
H129,H259,0.82,0.24,other,1
H129,H264,0.63,1.23,cousin,1
H130,H835,0.88,2.34,neighbor,0
H130,H308,0.71,0.43,cousin,2
H131,H85,0.99,1.63,other,2
H131,H48,0.72,0.69,other,1
H131,H923,0.67,2.13,other,1
H132,H118,0.9,1.93,sibling,1
H132,H107,0.88,1.43,sibling,0
H132,H247,0.93,0.82,neighbor,1
H132,H748,0.68,1.43,neighbor,0
H133,H138,0.53,2.47,cousin,1
H133,H992,0.42,1.82,other,1
H133,H369,0.6,1.51,other,0
H134,H17,0.76,0.14,sibling,0
H134,H73,0.46,0.39,sibling,1
H134,H796,0.94,0.5,cousin,1
H135,H533,0.51,2.23,sibling,1
H135,H831,0.85,2.14,cousin,0
H135,H147,0.91,0.65,cousin,0
H135,H374,0.6,0.49,other,1
H136,H689,0.6,0.41,cousin,1
H137,H554,0.98,0.26,neighbor,0
H138,H664,0.86,1.14,sibling,2
H138,H425,1.0,0.84,other,1
H139,H801,0.86,1.19,neighbor,1
H139,H370,0.85,1.28,other,2
H140,H799,0.87,0.89,other,1
H141,H185,0.62,0.35,cousin,2
H142,H130,0.47,1.22,other,0
H142,H997,0.56,1.58,cousin,0
H142,H467,0.44,2.0,sibling,1
H142,H856,0.92,0.45,neighbor,0
H143,H808,0.68,0.21,sibling,2
H143,H773,0.66,2.0,cousin,2
H143,H606,0.67,2.49,neighbor,2
H143,H933,0.62,0.26,other,1
H144,H816,0.64,0.55,cousin,0
H144,H472,0.59,0.61,cousin,2
H145,H82,0.76,1.16,neighbor,1
H145,H854,0.63,0.26,cousin,1
H145,H622,0.79,1.88,sibling,1
H146,H440,0.89,0.27,cousin,1
H146,H31,0.96,0.86,neighbor,0
H147,H775,0.94,0.61,cousin,1
H148,H886,0.81,2.49,cousin,0
H148,H91,0.82,1.7,sibling,1
H149,H891,0.41,2.47,sibling,2
H149,H404,0.8,1.05,other,2
H149,H718,0.91,1.11,cousin,0
H149,H880,0.89,2.06,cousin,0
H150,H450,0.94,1.48,other,2
H150,H865,0.87,0.16,cousin,1
H150,H921,0.6,1.61,sibling,0
H151,H604,0.85,1.46,cousin,2
H152,H390,0.77,0.13,neighbor,2
H152,H70,0.62,0.56,neighbor,1
H153,H951,0.83,1.47,other,0
H153,H962,0.47,0.99,cousin,1
H153,H259,0.66,2.3,other,1
H153,H167,0.45,0.82,cousin,2
H154,H179,0.97,0.19,sibling,0
H154,H385,0.89,2.04,neighbor,2
H154,H222,0.92,0.62,cousin,2
H155,H153,0.49,0.27,sibling,1
H155,H702,0.54,1.12,neighbor,2
H155,H888,0.84,1.24,sibling,0
H155,H573,0.98,0.75,cousin,2
H156,H130,0.57,1.63,neighbor,1
H156,H998,0.68,0.8,neighbor,0
H156,H981,0.78,1.79,sibling,2
H157,H678,0.59,0.18,neighbor,2
H157,H449,0.65,0.5,neighbor,1
H157,H422,0.46,2.26,sibling,2
H157,H213,0.77,2.24,cousin,2
H158,H878,0.5,1.28,neighbor,2
H158,H863,0.49,0.64,sibling,2
H158,H786,0.76,1.81,sibling,1
H158,H580,0.86,2.28,cousin,1
H159,H944,0.56,1.33,cousin,1
H159,H927,0.98,0.81,other,1
H159,H10,0.68,1.32,other,1
H160,H508,0.88,2.15,cousin,1
H160,H776,0.72,2.38,other,0
H161,H79,0.54,0.5,neighbor,0
H162,H6,0.63,0.61,cousin,1
H162,H868,0.7,0.88,sibling,0
H163,H481,0.98,1.01,other,1
H164,H368,0.87,0.84,other,1
H165,H188,0.47,2.32,neighbor,0
H165,H571,0.43,1.11,neighbor,1
H165,H250,0.45,0.57,other,2
H165,H456,0.52,0.12,cousin,2
H166,H219,0.59,1.25,sibling,2
H167,H916,0.43,1.74,cousin,0
H168,H624,0.67,1.35,neighbor,1
H168,H827,0.97,0.92,other,1
H169,H466,0.58,0.68,other,2
H169,H211,0.9,1.21,other,1
H169,H190,0.89,2.17,cousin,2
H169,H641,0.43,1.24,sibling,2
H170,H232,0.82,1.03,cousin,2
H171,H880,0.76,0.38,sibling,0
H171,H724,0.67,2.21,sibling,2
H171,H270,0.73,0.98,cousin,2
H172,H324,0.54,2.1,cousin,0
H172,H160,0.9,1.06,other,0
H172,H623,0.67,1.25,neighbor,0
H172,H393,0.57,1.33,sibling,1
H173,H780,0.65,1.08,cousin,0
H173,H914,0.85,2.38,neighbor,2
H174,H182,0.77,1.43,sibling,0
H174,H36,0.63,2.22,cousin,2
H174,H613,0.87,0.85,sibling,2
H174,H826,0.91,1.6,cousin,0
H175,H498,0.42,2.32,cousin,2
H175,H95,0.7,0.38,neighbor,2
H175,H600,0.51,2.31,other,0
H176,H226,0.45,2.02,other,0
H176,H259,0.65,1.73,cousin,1
H177,H847,0.52,1.51,other,0
H177,H655,0.47,0.88,cousin,1
H177,H125,0.59,2.12,cousin,1
H178,H826,0.97,0.86,other,0
H178,H342,0.63,0.48,neighbor,1
H179,H593,0.82,1.99,sibling,2
H179,H348,0.84,1.12,cousin,1
H180,H1000,0.98,2.48,cousin,0
H180,H316,0.56,1.99,other,1
H180,H303,0.86,1.16,other,1
H180,H370,0.58,1.19,cousin,2
H181,H776,0.43,1.11,sibling,2
H182,H341,0.7,0.55,other,0
H183,H782,0.91,0.56,other,0
H183,H535,0.85,1.75,other,0
H183,H950,0.76,0.16,other,0
H183,H459,0.71,0.2,cousin,0
H184,H126,0.77,0.67,neighbor,0
H184,H498,0.72,0.33,sibling,0
H185,H588,0.63,0.32,other,2
H185,H679,0.48,0.3,other,0
H186,H485,0.61,1.67,neighbor,2
H186,H181,0.44,2.47,sibling,2
H186,H103,0.44,0.25,sibling,0
H187,H488,0.87,0.37,neighbor,1
H187,H385,0.91,0.71,other,2
H187,H32,0.73,0.68,other,2
H188,H253,0.6,0.58,sibling,0
H189,H978,0.63,1.81,other,2
H189,H380,0.86,2.41,other,0
H190,H401,0.6,1.43,sibling,0
H190,H243,0.44,1.69,sibling,1
H191,H226,0.55,0.59,other,2
H191,H837,0.78,1.48,other,2
H191,H816,0.57,1.64,sibling,2
H192,H650,0.78,1.2,cousin,1
H193,H138,0.69,2.26,cousin,1
H194,H934,0.65,2.07,neighbor,0
H195,H492,0.56,0.35,cousin,2
H196,H682,0.95,1.93,cousin,2
H197,H148,0.66,0.84,sibling,2
H197,H363,0.72,2.11,cousin,1
H198,H254,0.88,0.19,sibling,0
H198,H393,0.63,1.87,sibling,2
H198,H852,0.91,1.14,neighbor,1
H199,H22,0.9,1.4,neighbor,0
H199,H722,0.83,2.32,cousin,2
H199,H879,0.87,1.96,sibling,1
H199,H748,0.92,0.96,other,2
H200,H584,0.99,2.22,sibling,1
H201,H364,0.71,0.37,other,0
H201,H869,0.61,0.67,cousin,1
H201,H148,0.75,1.53,neighbor,0
H202,H848,0.96,2.16,sibling,2
H202,H418,0.8,0.92,cousin,0
H203,H217,0.97,0.79,cousin,2
H204,H38,0.91,1.51,sibling,0
H204,H870,0.71,1.43,other,2
H204,H615,0.56,0.75,other,2
H204,H273,0.48,0.34,sibling,0
H205,H436,0.97,1.2,other,0
H205,H341,0.49,2.2,neighbor,2
H206,H398,0.75,0.5,neighbor,2
H206,H399,0.58,0.33,neighbor,1
H206,H594,0.73,0.54,other,1
H207,H372,0.45,0.2,sibling,0
H208,H486,0.87,1.28,neighbor,2
H208,H544,0.94,2.25,other,1
H208,H290,0.69,1.47,neighbor,1
H208,H170,0.91,0.54,neighbor,0
H209,H978,0.5,1.84,cousin,1
H209,H937,0.57,1.9,other,0
H209,H758,0.62,0.29,neighbor,2
H209,H286,0.56,0.75,cousin,0
H210,H420,0.91,0.83,other,0
H210,H777,0.41,0.6,other,1
H211,H692,0.41,0.13,cousin,0
H211,H259,0.48,0.51,other,1
H211,H379,0.96,2.05,other,2
H211,H86,0.86,0.29,sibling,2
H212,H711,0.74,0.36,cousin,1
H212,H919,0.58,0.76,cousin,1
H213,H718,0.43,2.49,sibling,1
H213,H330,0.73,2.2,cousin,1
H213,H615,0.8,0.26,neighbor,2
H213,H83,0.84,1.76,neighbor,1
H214,H684,0.87,1.29,cousin,2
H214,H33,0.65,1.54,other,0
H214,H49,0.41,0.91,other,1
H215,H698,0.96,1.82,cousin,1
H215,H95,0.47,0.36,cousin,2
H215,H86,0.65,2.47,cousin,0
H216,H258,0.94,1.98,cousin,1
H217,H335,0.41,0.18,sibling,0
H218,H107,0.96,0.71,sibling,2
H218,H614,0.46,1.29,neighbor,2
H219,H636,0.46,2.37,other,0
H219,H166,0.89,1.67,cousin,0
H220,H515,0.46,1.95,neighbor,1
H220,H511,0.92,1.84,other,0
H221,H982,0.53,1.41,neighbor,1
H221,H596,0.63,0.48,other,1
H222,H755,0.69,2.35,neighbor,1
H222,H427,0.86,0.39,other,0
H223,H9,0.84,0.62,sibling,2
H224,H751,0.69,0.53,cousin,1
H224,H687,0.57,2.39,other,2
H225,H727,0.43,1.48,other,0
H225,H269,0.5,2.45,cousin,0
H225,H8,0.44,1.63,sibling,0
H226,H83,0.42,1.78,neighbor,2
H226,H845,0.93,1.27,other,1
H227,H29,0.93,2.04,other,2
H227,H8,0.96,0.91,other,1
H228,H96,0.94,1.78,neighbor,1
H228,H198,0.73,1.06,cousin,2
H229,H552,0.89,2.07,cousin,2
H229,H240,0.42,2.14,sibling,0
H229,H241,0.79,0.13,other,1
H230,H820,0.47,2.09,sibling,1
H231,H908,0.8,1.41,other,0
H232,H337,0.77,0.16,other,2
H232,H865,0.43,2.24,neighbor,1
H233,H30,0.73,1.35,neighbor,0
H234,H822,0.79,0.97,sibling,1
H234,H932,0.6,1.28,sibling,1
H235,H356,1.0,1.33,cousin,1
H235,H114,0.42,2.2,neighbor,2
H235,H347,0.46,0.67,other,2
H235,H711,0.84,1.62,sibling,0
H236,H316,0.86,1.69,neighbor,1
H236,H292,0.78,2.44,neighbor,1
H237,H889,0.93,0.33,other,1
H238,H342,0.94,2.41,other,2
H238,H849,0.58,2.02,sibling,2
H238,H687,0.91,0.25,other,0
H239,H851,0.75,0.64,other,0
H239,H663,0.88,0.94,neighbor,0
H239,H568,0.5,1.87,cousin,1
H240,H294,1.0,0.82,cousin,0
H240,H413,0.94,1.59,neighbor,1
H241,H607,0.73,1.91,neighbor,2
H241,H306,0.79,0.54,cousin,0
H242,H432,0.95,0.4,cousin,0
H242,H88,0.8,1.67,sibling,1
H243,H600,0.55,0.25,cousin,2
H243,H389,0.87,1.83,sibling,2
H243,H401,0.95,0.52,cousin,2
H244,H592,0.41,1.01,other,1
H245,H115,0.82,0.48,neighbor,0
H245,H236,0.76,0.31,other,2
H245,H942,0.52,0.93,other,1
H246,H854,0.79,1.18,sibling,2
H246,H957,0.87,0.2,cousin,1
H246,H869,0.67,0.74,neighbor,0
H247,H810,0.73,0.71,other,1
H247,H174,0.94,1.83,sibling,0
H248,H401,0.47,0.18,other,0
H248,H948,0.77,0.85,other,0
H248,H374,0.71,0.13,neighbor,1
H248,H365,0.51,1.7,other,0
H249,H819,0.81,0.36,other,2
H250,H988,0.87,0.11,other,1
H250,H27,0.73,0.92,sibling,1
H251,H961,0.95,1.78,cousin,1
H251,H743,0.8,1.35,other,1
H251,H480,0.55,2.04,sibling,1
H251,H469,0.74,2.09,neighbor,0
H252,H430,0.68,1.79,sibling,0
H252,H136,0.96,1.92,sibling,0
H252,H249,0.91,1.08,neighbor,1
H252,H22,0.56,0.28,cousin,0
H253,H918,0.76,1.41,sibling,1
H253,H996,0.88,1.67,cousin,1
H253,H398,0.97,1.87,sibling,0
H253,H530,0.98,0.47,sibling,0
H254,H276,0.41,1.88,neighbor,0
H254,H572,0.73,0.44,neighbor,1
H254,H405,0.89,1.7,other,1
H255,H630,0.64,1.45,neighbor,0
H255,H81,0.69,1.84,other,1
H255,H600,0.87,0.86,neighbor,2
H256,H400,0.52,0.64,sibling,0
H256,H558,0.66,2.0,cousin,2
H256,H720,0.84,0.98,other,2
H256,H622,0.9,0.51,other,1
H257,H897,0.61,1.13,sibling,2
H257,H428,0.68,2.26,sibling,1
H257,H408,0.69,0.89,cousin,1
H258,H307,0.52,0.27,sibling,1
H258,H731,0.49,0.69,sibling,1
H258,H391,0.83,1.48,sibling,1
H259,H345,0.81,0.98,cousin,0
H260,H394,0.96,2.02,sibling,1
H261,H172,0.88,2.31,cousin,0
H261,H948,0.73,0.14,neighbor,0
H261,H306,0.86,1.04,neighbor,2
H262,H865,0.97,0.71,cousin,2
H262,H990,0.67,2.48,sibling,2
H262,H248,0.89,0.89,other,2
H263,H277,0.71,2.27,sibling,0
H263,H661,0.89,0.57,sibling,0
H264,H316,0.54,2.02,cousin,2
H264,H369,0.93,1.61,other,2
H265,H35,0.6,0.87,sibling,2
H265,H690,0.76,0.11,neighbor,1
H265,H388,0.55,1.8,other,0
H266,H287,0.82,1.07,cousin,0
H266,H62,0.7,2.35,neighbor,0
H266,H954,0.99,1.87,cousin,2
H266,H15,0.74,1.2,sibling,2
H267,H231,0.58,0.41,cousin,2
H267,H517,0.99,2.0,other,1
H267,H661,0.63,1.51,other,1
H268,H240,0.85,2.05,sibling,0
H268,H498,0.68,0.84,cousin,1
H268,H232,0.88,1.54,neighbor,2
H269,H139,0.72,1.03,sibling,2
H269,H901,0.55,0.11,cousin,2
H269,H724,0.91,2.43,other,0
H269,H875,0.81,0.48,other,2
H270,H8,0.58,0.7,cousin,0
H270,H87,0.72,0.9,sibling,0
H270,H637,0.86,2.4,other,1
H270,H36,0.56,0.57,cousin,0
H271,H912,0.59,1.74,sibling,0
H271,H68,0.67,1.95,cousin,0
H272,H653,0.75,0.49,sibling,0
H273,H354,0.93,1.7,cousin,2
H273,H504,0.66,2.48,sibling,0
H273,H927,0.41,0.2,neighbor,1
H274,H538,0.6,0.65,neighbor,1
H275,H850,0.84,2.18,sibling,2
H276,H684,0.72,0.33,other,0
H276,H192,0.97,2.33,cousin,2
H277,H576,0.89,0.42,sibling,1
H278,H576,0.68,1.08,other,0
H278,H657,0.67,2.26,other,1
H278,H831,1.0,0.37,other,1
H278,H32,0.47,1.06,sibling,2
H279,H963,0.46,0.15,sibling,1
H280,H931,0.9,0.87,other,2
H281,H881,0.9,0.25,sibling,2
H282,H662,0.62,2.04,cousin,2
H282,H529,0.51,0.19,sibling,0
H282,H794,0.67,2.25,cousin,0
H282,H23,0.53,0.77,sibling,2
H283,H909,0.44,1.9,cousin,2
H284,H179,0.86,1.21,cousin,1
H284,H383,0.54,0.26,cousin,2
H284,H530,0.6,0.42,other,2
H284,H9,0.74,2.26,cousin,1
H285,H203,0.81,0.22,other,1
H285,H615,0.61,1.66,neighbor,2
H285,H475,0.97,0.45,neighbor,2
H286,H261,0.63,1.01,neighbor,0
H286,H772,0.9,0.19,sibling,1
H287,H831,0.85,1.95,neighbor,1
H287,H353,0.75,1.17,sibling,2
H287,H169,0.6,1.64,cousin,2
H288,H757,0.47,1.47,cousin,2
H288,H395,0.96,0.39,other,1
H289,H703,0.68,0.37,neighbor,1
H290,H225,0.89,0.8,neighbor,2
H290,H869,0.71,1.26,other,1
H291,H705,0.67,2.02,cousin,2
H292,H701,0.52,0.56,sibling,1
H292,H881,0.73,1.25,sibling,2
H292,H914,0.5,0.82,neighbor,2
H293,H213,0.67,0.27,cousin,2
H294,H989,0.52,0.98,neighbor,1
H294,H921,0.58,1.05,other,1
H294,H642,0.71,0.44,sibling,1
H295,H529,0.86,1.85,other,1
H295,H676,0.45,0.24,cousin,0
H295,H643,0.81,0.17,cousin,0
H295,H548,0.66,0.62,neighbor,2
H296,H437,0.82,1.94,other,2
H296,H574,0.84,2.28,other,1
H296,H488,0.45,1.78,cousin,2
H297,H350,0.84,1.69,sibling,1
H297,H217,0.93,0.16,sibling,2
H298,H179,0.69,2.2,cousin,2
H298,H81,0.58,0.62,cousin,0
H298,H618,0.68,1.08,sibling,0
H298,H595,0.73,1.51,neighbor,2
H299,H917,0.88,2.34,other,2
H299,H11,0.78,0.34,other,1
H299,H530,0.54,0.24,neighbor,2
H299,H458,0.62,0.52,cousin,1
H300,H63,0.93,1.93,sibling,0
H301,H108,0.46,0.23,neighbor,1
H302,H126,0.86,1.03,other,1
H302,H461,0.66,1.56,sibling,1
H302,H46,0.94,2.43,other,2
H302,H703,0.53,1.76,other,0
H303,H540,0.98,1.18,sibling,1
H303,H482,0.78,0.87,neighbor,2
H304,H252,0.65,2.05,neighbor,2
H305,H837,0.76,2.35,sibling,2
H305,H418,0.71,1.23,cousin,2
H305,H752,0.53,1.75,neighbor,0
H305,H298,0.57,2.34,neighbor,0
H306,H986,0.84,0.34,neighbor,2
H306,H909,0.84,1.81,cousin,1
H307,H541,0.76,2.06,cousin,2
H307,H650,0.86,1.91,cousin,1
H307,H211,0.99,2.41,sibling,2
H307,H431,0.89,0.78,sibling,2
H308,H969,0.72,0.67,cousin,1
H308,H475,0.75,1.39,cousin,2
H309,H791,0.88,1.21,cousin,2
H309,H420,0.89,1.3,sibling,0
H309,H482,0.87,2.13,neighbor,2
H310,H419,0.83,1.3,sibling,2
H310,H110,0.67,1.04,sibling,2
H311,H21,0.84,1.12,other,2
H311,H863,0.76,1.54,neighbor,2
H311,H871,0.71,0.15,neighbor,2
H312,H365,0.55,1.43,sibling,1
H312,H800,0.73,1.23,cousin,0
H312,H928,0.54,1.11,sibling,0
H313,H787,0.85,0.13,neighbor,2
H314,H672,0.49,0.27,neighbor,1
H315,H671,0.79,1.4,other,1
H315,H842,0.79,1.52,other,2
H315,H371,0.46,2.46,cousin,1
H316,H377,0.69,0.35,sibling,1
H316,H562,0.79,2.48,cousin,1
H316,H217,0.49,1.09,other,2
H317,H418,0.93,1.68,other,1
H317,H719,0.42,1.7,other,2
H317,H186,0.55,0.42,other,2
H317,H466,0.91,0.38,neighbor,0
H318,H568,0.65,0.68,neighbor,1
H318,H591,0.41,1.25,cousin,0
H319,H143,0.48,1.13,other,2
H319,H355,0.97,1.69,neighbor,2
H319,H542,0.66,0.55,cousin,1
H319,H763,0.72,1.88,sibling,0
H320,H229,0.6,1.71,cousin,2
H320,H889,0.47,0.87,other,1
H321,H551,0.66,1.0,other,0
H321,H707,0.71,1.58,other,0
H322,H966,0.93,0.45,sibling,2
H323,H891,0.43,1.36,other,2
H323,H546,0.46,1.56,neighbor,1
H323,H340,0.84,1.0,other,1
H323,H410,0.81,1.77,sibling,0
H324,H495,0.61,1.23,neighbor,0
H324,H408,0.92,0.54,cousin,0
H325,H866,0.66,2.47,cousin,2
H325,H723,0.68,1.13,other,0
H325,H460,0.76,1.97,cousin,1
H325,H428,0.66,2.12,sibling,1
H326,H678,0.67,1.36,other,0
H326,H480,0.43,1.2,sibling,0
H326,H292,0.79,1.94,cousin,2
H326,H418,0.41,1.57,cousin,1
H327,H603,0.44,1.24,neighbor,2
H327,H968,0.83,2.05,cousin,0
H327,H605,0.43,0.65,other,2
H327,H850,0.48,0.75,neighbor,0
H328,H752,0.47,0.42,sibling,0
H328,H736,0.66,1.08,neighbor,2
H329,H18,0.63,2.0,neighbor,1
H329,H242,0.42,0.87,other,1
H329,H392,0.83,2.33,neighbor,2
H329,H824,0.89,2.48,other,2
H330,H978,0.47,2.35,other,0
H330,H462,0.7,0.55,other,0
H331,H177,0.45,2.16,sibling,0
H331,H547,0.85,1.43,sibling,0
H331,H632,0.44,1.38,sibling,2
H331,H808,0.86,1.25,neighbor,0
H332,H276,0.42,2.4,cousin,0
H332,H610,0.79,1.42,cousin,1
H332,H416,0.45,0.93,cousin,2
H332,H854,0.58,1.85,neighbor,2
H333,H752,0.63,0.5,neighbor,2
H334,H484,0.77,1.81,other,1
H334,H845,0.58,0.79,neighbor,1
H334,H419,0.82,0.12,cousin,0
H335,H943,0.84,2.4,neighbor,1
H335,H266,0.64,0.6,neighbor,2
H335,H800,0.77,1.94,other,2
H336,H517,0.9,0.37,cousin,1
H336,H699,0.91,2.27,neighbor,2
H336,H779,0.44,0.25,neighbor,1
H336,H659,0.71,2.15,sibling,1
H337,H199,0.54,0.33,neighbor,1
H337,H569,0.95,2.09,sibling,2
H337,H4,0.56,1.88,neighbor,1
H337,H247,0.64,1.83,cousin,2
H338,H706,0.67,1.1,sibling,0
H339,H573,0.94,1.06,cousin,1
H340,H368,0.77,1.9,neighbor,2
H340,H14,0.9,2.21,other,2
H340,H933,0.98,1.32,neighbor,0
H340,H924,0.65,1.01,sibling,0
H341,H583,0.71,1.36,other,0
H341,H733,0.88,1.2,other,2
H342,H962,0.7,2.01,sibling,2
H342,H203,0.62,1.71,cousin,0
H343,H779,0.68,2.11,neighbor,0
H344,H360,0.63,0.55,other,2
H344,H625,0.61,1.49,neighbor,1
H345,H988,0.9,2.35,other,1
H346,H35,0.57,2.34,sibling,2
H346,H617,0.99,1.93,cousin,1
H347,H619,0.54,2.38,neighbor,0
H348,H440,0.83,2.22,cousin,2
H348,H29,0.45,0.41,cousin,0
H349,H148,0.58,1.06,sibling,1
H350,H466,0.66,0.73,sibling,1
H350,H774,0.77,0.14,cousin,2
H350,H323,0.95,1.94,neighbor,1
H350,H116,0.5,0.6,sibling,1
H351,H100,0.61,0.13,cousin,1
H351,H818,0.48,0.77,other,2
H351,H817,0.66,0.61,cousin,0
H352,H851,0.84,1.78,other,1
H352,H92,0.91,0.84,other,0
H352,H598,0.93,1.4,neighbor,2
H352,H198,0.6,0.41,sibling,0
H353,H591,0.97,0.67,cousin,0
H354,H927,0.68,1.58,neighbor,1
H354,H442,0.89,1.05,neighbor,2
H354,H681,0.51,2.04,other,2
H355,H275,0.75,1.7,neighbor,2
H355,H739,0.61,0.88,neighbor,1
H355,H660,0.47,2.03,neighbor,0
H355,H400,0.56,1.31,neighbor,2
H356,H612,0.72,0.85,sibling,0
H357,H60,0.47,1.84,other,1
H358,H268,0.95,1.51,neighbor,2
H358,H485,0.92,1.5,other,1
H358,H692,0.75,2.07,other,0
H359,H998,0.48,2.4,other,1
H360,H858,0.81,0.66,sibling,2
H360,H265,0.72,1.86,sibling,1
H360,H82,0.94,2.09,sibling,2
H361,H495,0.44,0.48,cousin,0
H361,H568,0.9,1.6,other,1
H361,H720,0.72,0.38,neighbor,2
H361,H827,0.51,0.63,other,1
H362,H907,0.72,1.65,cousin,1
H362,H974,0.56,2.14,other,0
H362,H273,0.77,1.4,sibling,1
H363,H897,0.93,0.8,other,1
H363,H896,0.41,0.35,cousin,1
H363,H581,0.43,0.43,sibling,0
H364,H305,0.6,0.21,cousin,1
H364,H34,0.62,1.98,sibling,1
H364,H952,0.92,1.21,sibling,1
H364,H48,0.86,2.4,sibling,0
H365,H91,0.93,1.36,neighbor,2
H366,H297,0.94,0.3,sibling,0
H366,H582,0.76,0.52,neighbor,0
H366,H102,0.5,1.14,neighbor,1
H367,H323,0.47,1.08,sibling,0
H367,H163,0.89,2.0,neighbor,0
H368,H23,0.79,1.95,neighbor,0
H368,H839,0.69,2.41,sibling,2
H368,H586,0.72,2.36,cousin,2
H369,H357,0.83,0.45,other,0
H369,H57,0.61,1.56,sibling,0
H370,H821,0.66,2.2,other,2
H370,H251,0.88,1.54,sibling,0
H371,H37,0.47,2.28,sibling,1
H371,H432,0.84,2.16,neighbor,1
H371,H634,0.99,1.2,sibling,2
H372,H92,0.77,1.86,other,0
H373,H554,0.88,2.11,neighbor,2
H373,H374,0.82,1.92,sibling,2
H373,H863,0.73,1.71,neighbor,0
H373,H957,0.78,1.17,cousin,2
H374,H10,0.81,0.52,other,2
H374,H826,0.75,0.58,other,1
H375,H43,0.5,1.17,sibling,2
H375,H1,0.53,1.69,cousin,1
H375,H147,0.43,0.38,cousin,2
H375,H328,0.59,2.08,other,1
H376,H726,0.93,0.7,neighbor,2
H376,H644,0.76,2.2,neighbor,1
H376,H47,0.79,0.34,neighbor,0
H376,H465,0.83,0.79,cousin,0
H377,H370,0.84,1.83,other,0
H377,H295,0.45,0.28,sibling,2
H378,H609,0.8,0.68,other,1
H378,H190,0.87,0.83,sibling,1
H378,H414,0.9,2.24,neighbor,1
H379,H500,0.45,2.02,neighbor,1
H379,H357,0.44,0.88,sibling,2
H379,H879,0.76,2.3,other,0
H380,H728,0.66,0.84,sibling,2
H380,H249,0.85,1.14,other,0
H380,H875,0.67,0.44,cousin,2
H380,H932,0.42,1.31,cousin,1
H381,H51,0.54,1.72,cousin,2
H382,H169,0.81,1.1,sibling,2
H382,H338,0.66,2.46,cousin,2
H382,H62,0.97,1.06,other,2
H383,H506,0.84,2.31,neighbor,2
H384,H714,0.49,1.58,other,1
H385,H631,0.43,2.21,neighbor,0
H385,H349,0.93,1.27,cousin,1
H385,H226,0.68,0.75,other,2
H386,H694,0.82,0.87,cousin,2
H386,H388,0.49,1.4,other,1
H386,H173,0.58,1.49,cousin,2
H386,H979,0.88,0.93,neighbor,1
H387,H968,0.52,1.04,cousin,1
H388,H717,0.47,2.3,sibling,1
H388,H367,0.44,0.72,cousin,0
H388,H243,0.42,2.01,neighbor,2
H388,H214,0.82,1.46,other,1
H389,H281,0.61,0.47,cousin,1
H389,H981,0.56,2.41,other,2
H389,H754,0.96,1.29,neighbor,1
H389,H283,0.53,0.54,neighbor,2
H390,H773,0.47,1.9,neighbor,2
H390,H448,0.79,1.15,cousin,2
H391,H181,0.47,2.41,other,0
H391,H897,0.94,0.94,cousin,1
H392,H449,0.86,0.11,cousin,1
H393,H859,0.9,0.71,cousin,2
H393,H319,0.8,1.27,cousin,1
H393,H687,0.54,1.24,other,0
H393,H12,0.88,1.3,neighbor,1
H394,H975,0.63,0.59,sibling,0
H394,H505,0.9,1.88,other,2
H394,H932,0.82,1.15,neighbor,1
H395,H407,0.47,2.28,sibling,2
H395,H496,0.75,2.44,neighbor,0
H395,H503,0.95,0.92,other,2
H396,H240,0.75,0.16,sibling,2
H396,H436,0.56,2.18,other,0
H397,H741,0.49,1.89,cousin,2
H397,H936,0.43,1.94,other,0
H397,H765,0.89,0.12,neighbor,2
H397,H128,0.81,2.21,neighbor,1
H398,H618,0.89,2.36,other,0
H399,H836,0.94,0.55,sibling,2
H400,H371,0.6,1.79,sibling,2
H400,H812,0.43,2.18,sibling,0
H401,H972,0.75,0.69,neighbor,2
H401,H929,0.91,2.36,other,1
H402,H416,0.8,2.11,neighbor,0
H402,H337,0.69,1.85,neighbor,0
H403,H711,0.96,0.58,sibling,1
H404,H617,0.8,0.86,sibling,2
H404,H380,0.97,1.15,other,1
H405,H419,0.86,1.84,neighbor,0
H406,H608,0.53,0.39,sibling,0
H407,H590,0.48,2.13,other,0
H407,H946,0.76,1.97,other,2
H407,H141,0.69,2.18,cousin,1
H407,H256,0.55,1.69,neighbor,1
H408,H91,0.78,1.11,neighbor,2
H408,H215,0.89,0.61,cousin,2
H408,H461,0.7,1.25,sibling,1
H408,H337,0.48,1.06,neighbor,0
H409,H646,0.49,1.28,cousin,1
H409,H847,0.63,2.45,neighbor,0
H409,H474,0.75,0.33,other,0
H409,H901,0.74,2.5,other,1
H410,H656,0.6,1.95,other,0
H410,H873,0.74,0.2,cousin,0
H410,H450,0.68,0.32,sibling,1
H411,H374,0.81,1.63,sibling,1
H411,H946,0.81,0.21,sibling,2
H411,H756,0.88,2.43,neighbor,1
H412,H561,0.54,1.81,neighbor,1
H412,H98,0.62,2.34,other,0
H413,H805,0.44,1.99,neighbor,0
H414,H706,0.53,1.93,neighbor,2
H414,H399,0.76,1.86,neighbor,2
H414,H549,0.91,1.24,other,1
H414,H669,0.5,1.22,neighbor,2
H415,H413,0.71,1.35,sibling,0
H416,H473,0.57,1.2,sibling,2
H416,H563,0.55,0.48,neighbor,2
H416,H324,0.71,0.15,other,2
H416,H488,0.72,0.67,neighbor,2
H417,H729,0.44,0.12,sibling,2
H417,H577,0.53,0.51,cousin,1
H417,H771,0.96,2.19,cousin,1
H418,H615,0.59,0.82,sibling,2
H418,H703,0.76,0.42,cousin,1
H418,H561,0.65,2.11,cousin,2
H418,H5,0.69,1.77,cousin,0
H419,H94,0.96,1.19,sibling,2
H420,H16,0.92,0.77,sibling,0
H420,H474,0.71,0.41,neighbor,0
H421,H764,0.81,2.36,sibling,0
H421,H538,0.88,1.52,cousin,0
H421,H386,0.54,1.9,neighbor,2
H422,H40,0.41,1.82,other,1
H422,H470,0.46,1.56,sibling,1
H422,H185,0.97,0.77,sibling,0
H423,H480,0.73,0.18,cousin,0
H424,H342,0.88,1.57,cousin,2
H424,H649,0.41,0.8,sibling,0
H424,H149,0.68,0.68,other,2
H424,H106,0.76,1.74,sibling,2
H426,H51,0.92,0.89,other,1
H426,H385,0.86,0.72,neighbor,2
H427,H928,0.48,2.06,neighbor,2
H427,H980,0.74,2.44,cousin,1
H427,H466,0.58,0.54,cousin,0
H428,H502,0.86,2.41,other,2
H428,H791,0.73,1.28,other,0
H428,H180,0.64,1.71,sibling,2
H429,H439,0.5,1.8,sibling,1
H429,H853,0.8,0.99,sibling,2
H430,H443,0.88,1.0,other,2
H430,H1000,0.89,1.4,other,0
H430,H501,0.55,0.88,sibling,1
H430,H55,0.5,1.92,other,2
H431,H952,0.51,2.2,sibling,0
H432,H490,0.59,1.75,cousin,2
H432,H438,0.72,1.81,cousin,1
H432,H473,0.83,1.01,other,0
H433,H199,0.78,2.12,sibling,1
H433,H63,0.47,0.19,cousin,1
H433,H673,0.43,1.94,neighbor,1
H433,H153,0.66,2.46,cousin,1
H434,H755,0.76,1.13,neighbor,2
H435,H16,0.94,0.31,cousin,2
H435,H542,0.5,1.73,other,1
H436,H883,0.77,2.03,sibling,0
H437,H993,0.9,0.85,sibling,0
H437,H718,0.5,1.34,other,0
H437,H243,0.45,0.69,sibling,1
H438,H487,0.76,0.26,cousin,1
H438,H629,0.62,2.41,other,2
H438,H22,0.69,1.95,other,1
H439,H737,0.95,1.21,other,1
H439,H692,0.45,1.43,neighbor,0
H440,H978,0.94,1.52,cousin,1
H440,H145,0.91,0.58,other,1
H441,H534,0.98,0.54,neighbor,0
H441,H699,0.8,1.4,sibling,0
H441,H340,0.69,2.21,cousin,0
H441,H828,0.66,1.37,other,0
H442,H148,0.7,1.94,sibling,1
H442,H685,0.8,1.82,cousin,1
H442,H486,0.55,2.14,other,0
H443,H573,0.46,1.14,cousin,0
H444,H309,0.72,1.75,cousin,2
H444,H944,0.51,1.56,sibling,2
H444,H546,0.81,1.45,other,2
H445,H553,0.73,1.12,other,1
H446,H63,0.93,0.7,sibling,1
H446,H665,0.94,1.97,cousin,2
H446,H598,0.52,1.63,sibling,2
H447,H85,0.52,1.36,neighbor,0
H448,H105,0.74,2.32,cousin,0
H448,H3,0.49,1.22,cousin,0
H449,H94,0.77,1.51,sibling,2
H450,H287,0.89,1.16,cousin,0
H450,H531,0.49,1.56,neighbor,0
H450,H180,0.56,1.88,sibling,1
H450,H876,0.83,1.26,cousin,0
H451,H877,0.97,1.47,neighbor,0
H452,H271,0.66,2.04,neighbor,2
H452,H588,0.67,2.0,neighbor,1
H452,H62,0.61,1.59,cousin,1
H453,H809,0.99,2.4,neighbor,2
H453,H964,0.73,1.49,cousin,1
H453,H682,0.47,0.14,other,2
H454,H290,0.66,0.29,cousin,2
H454,H173,0.79,1.65,cousin,0
H455,H44,0.58,1.83,other,2
H455,H897,0.54,0.16,neighbor,2
H456,H514,0.54,0.87,cousin,2
H457,H604,0.67,1.39,other,2
H457,H558,0.74,1.92,neighbor,2
H457,H643,0.55,1.83,other,2
H458,H829,0.53,1.53,cousin,1
H458,H192,0.61,1.82,sibling,0
H459,H766,0.43,2.48,other,2
H459,H479,0.49,2.09,neighbor,2
H460,H752,0.79,0.45,cousin,2
H461,H969,0.51,1.73,neighbor,2
H462,H444,0.59,1.84,neighbor,1
H462,H928,0.64,2.13,sibling,2
H463,H129,0.86,1.93,neighbor,2
H463,H771,0.44,0.34,sibling,1
H463,H446,0.83,1.52,neighbor,2
H464,H804,0.68,0.64,neighbor,2
H465,H716,0.69,1.7,sibling,1
H465,H595,0.43,0.14,sibling,2
H466,H977,0.42,1.31,cousin,2
H467,H113,0.48,0.28,cousin,2
H468,H575,0.91,0.73,cousin,2
H468,H878,0.55,1.91,sibling,1
H468,H62,0.72,1.0,other,1
H468,H349,0.41,0.5,neighbor,2
H469,H858,0.93,0.73,cousin,0
H469,H961,0.93,2.38,sibling,1
H470,H691,0.67,0.54,neighbor,2
H471,H565,0.44,0.82,other,0
H471,H569,0.99,0.12,neighbor,2
H471,H884,0.5,1.97,neighbor,1
H471,H745,0.53,2.32,neighbor,2
H472,H124,0.95,2.41,other,0
H472,H960,0.77,0.2,cousin,2
H472,H831,0.9,0.99,other,0
H473,H859,0.61,0.14,cousin,0
H473,H510,0.88,1.83,sibling,2
H473,H544,0.74,0.52,sibling,2
H474,H267,0.75,2.4,sibling,1
H474,H661,0.82,0.61,neighbor,2
H474,H85,0.72,0.68,other,2
H474,H305,0.78,1.13,neighbor,2
H475,H414,0.55,1.5,sibling,1
H476,H360,0.55,0.53,neighbor,2
H476,H789,0.9,0.89,sibling,0
H476,H353,0.42,2.25,cousin,2
H477,H748,0.81,2.19,sibling,0
H477,H815,0.45,1.12,sibling,2
H477,H210,0.75,0.43,neighbor,0
H478,H255,0.86,1.93,other,2
H478,H582,0.88,2.22,cousin,1
H478,H34,0.81,0.25,neighbor,0
H479,H48,0.66,2.18,other,0
H479,H837,0.44,1.91,other,2
H479,H338,0.53,1.99,other,2
H479,H955,0.7,2.25,other,2
H480,H142,0.51,0.2,neighbor,1
H480,H164,0.98,1.01,cousin,1
H480,H44,0.81,1.79,sibling,0
H480,H526,0.74,1.06,sibling,0
H481,H987,0.56,1.23,other,2
H481,H790,0.77,1.44,other,1
H481,H807,0.83,2.39,neighbor,1
H482,H203,0.8,1.09,cousin,2
H482,H466,0.58,1.05,neighbor,2
H482,H642,0.86,0.22,cousin,0
H483,H679,0.68,1.35,sibling,1
H483,H462,0.99,1.8,neighbor,0
H483,H915,0.62,0.48,other,0
H483,H81,0.91,2.03,sibling,1
H484,H675,0.92,2.44,other,1
H484,H812,0.79,1.95,neighbor,1
H485,H984,0.97,0.24,sibling,2
H486,H759,0.87,1.51,cousin,0
H487,H819,0.66,1.5,other,1
H487,H330,0.42,1.84,sibling,2
H488,H315,0.9,0.96,cousin,1
H489,H507,0.57,2.04,sibling,1
H489,H285,0.78,0.65,sibling,1
H489,H362,0.92,0.99,neighbor,2
H489,H60,0.44,1.37,sibling,2
H490,H853,0.48,1.16,sibling,2
H491,H481,0.47,1.5,sibling,0
H491,H210,0.92,2.44,sibling,2
H492,H921,0.6,2.29,cousin,0
H492,H887,0.59,2.5,sibling,2
H493,H217,0.72,0.81,sibling,1
H494,H221,0.55,1.37,sibling,0
H495,H632,1.0,2.38,other,2
H495,H729,0.88,0.84,cousin,0
H496,H144,0.68,1.33,other,2
H497,H201,0.41,0.88,other,1
H498,H787,0.43,1.03,other,2
H498,H880,0.71,0.25,cousin,0
H499,H790,0.57,0.37,sibling,1
H499,H447,0.81,0.99,other,0
H499,H665,0.72,1.54,neighbor,0
H500,H915,0.9,0.93,neighbor,0
H500,H627,0.63,2.42,cousin,0
H500,H819,0.87,1.68,neighbor,0
H501,H989,0.46,0.14,cousin,1
H501,H16,0.96,2.1,other,2
H502,H250,0.54,0.67,neighbor,2
H502,H74,0.85,1.08,cousin,0
H502,H943,0.87,1.07,other,2
H502,H509,0.95,1.28,sibling,2
H503,H396,0.95,1.92,other,0
H503,H438,0.95,1.9,other,2
H504,H310,0.93,0.96,sibling,2
H504,H919,0.62,1.0,cousin,2
H505,H386,0.6,2.3,cousin,1
H505,H957,0.58,2.28,sibling,1
H506,H56,0.88,0.77,other,1
H506,H149,0.59,0.51,neighbor,0
H506,H785,0.8,1.85,neighbor,2
H506,H69,0.66,0.93,other,1
H507,H747,0.59,2.36,sibling,0
H507,H38,1.0,0.72,neighbor,2
H507,H421,0.94,1.39,sibling,0
H508,H762,0.77,0.52,sibling,2
H508,H617,0.47,1.06,neighbor,0
H508,H473,0.51,1.98,other,1
H508,H349,0.88,1.97,cousin,0
H509,H89,0.58,2.31,other,0
H510,H601,0.71,2.08,sibling,1
H511,H651,0.7,2.25,other,1
H511,H64,0.71,0.93,cousin,0
H511,H539,0.91,2.42,other,1
H511,H131,0.47,1.51,neighbor,0
H512,H516,0.95,0.99,sibling,2
H512,H716,0.5,0.64,cousin,1
H512,H258,0.5,2.06,sibling,1
H513,H395,0.84,1.91,sibling,1
H513,H387,0.65,1.25,cousin,2
H513,H329,0.42,1.68,cousin,2
H514,H473,0.87,0.55,neighbor,0
H515,H245,0.5,2.19,neighbor,2
H516,H349,0.64,0.94,other,0
H516,H177,0.76,1.71,other,1
H516,H241,0.47,1.72,other,1
H517,H397,0.4,1.97,sibling,0
H517,H252,0.8,0.48,sibling,1
H517,H871,0.48,2.04,other,0
H518,H695,0.87,0.63,sibling,2
H518,H213,0.88,1.45,cousin,2
H518,H391,0.47,1.55,cousin,0
H519,H656,0.81,2.49,sibling,1
H519,H416,0.82,0.99,neighbor,0
H520,H969,0.49,1.36,sibling,2
H520,H599,0.97,0.21,other,2
H520,H826,0.89,2.28,sibling,2
H521,H307,0.48,2.24,neighbor,1
H521,H496,0.71,1.18,sibling,0
H522,H931,0.85,1.03,sibling,2
H523,H742,0.73,2.06,cousin,1
H523,H254,0.74,2.14,neighbor,2
H524,H329,0.96,1.76,cousin,2
H524,H468,0.89,0.43,sibling,2
H524,H44,0.4,0.46,neighbor,1
H525,H228,0.92,1.91,cousin,2
H525,H993,0.47,1.07,cousin,2
H525,H65,0.41,1.0,sibling,0
H526,H274,0.87,2.01,cousin,2
H526,H158,0.52,2.21,neighbor,1
H527,H653,0.81,1.44,other,0
H528,H858,0.52,1.76,neighbor,1
H528,H218,0.88,1.04,sibling,2
H528,H803,0.44,2.12,sibling,1
H529,H218,0.54,0.19,neighbor,0
H529,H631,0.7,0.88,other,2
H529,H231,0.96,0.67,other,1
H529,H976,0.58,1.9,neighbor,1
H530,H621,0.44,1.9,other,2
H530,H508,0.62,0.8,neighbor,1
H531,H202,0.85,1.41,neighbor,1
H531,H835,0.48,2.23,cousin,1
H532,H699,0.77,0.17,cousin,0
H532,H650,0.7,0.65,neighbor,0
H533,H547,0.46,2.0,sibling,1
H533,H11,0.85,1.02,neighbor,1
H534,H45,0.86,0.19,other,2
H534,H841,0.9,2.48,neighbor,0
H535,H267,0.63,0.49,sibling,2
H536,H551,0.5,2.3,cousin,2
H536,H358,0.61,1.26,neighbor,0
H536,H661,0.95,2.12,other,1
H537,H982,0.85,1.48,sibling,0
H537,H498,0.55,0.35,cousin,0
H538,H408,0.96,1.05,other,2
H538,H822,0.94,1.05,neighbor,0
H538,H741,0.48,0.18,cousin,2
H539,H288,0.8,1.05,cousin,1
H540,H219,0.97,0.27,sibling,1
H540,H791,0.84,0.64,other,0
H541,H773,0.78,2.42,sibling,2
H542,H486,0.89,2.11,other,2
H542,H732,0.67,1.83,other,2
H542,H797,0.63,0.17,other,1
H543,H88,0.44,0.95,other,1
H543,H937,0.41,2.3,cousin,2
H543,H99,0.75,0.71,cousin,2
H544,H505,0.82,0.99,sibling,0
H544,H588,0.75,1.9,sibling,1
H545,H566,0.66,1.6,cousin,1
H545,H604,0.66,2.26,neighbor,0
H545,H313,0.58,1.04,cousin,2
H545,H68,0.54,0.64,cousin,0
H546,H323,0.98,1.01,cousin,0
H547,H403,0.64,2.49,neighbor,1
H547,H566,0.87,1.45,other,0
H547,H835,0.74,2.06,cousin,2
H548,H452,0.57,1.05,neighbor,1
H548,H357,0.41,2.16,other,1
H549,H515,0.98,1.14,sibling,2
H549,H178,0.43,2.32,other,2
H549,H758,0.52,0.79,sibling,0
H549,H12,0.68,2.26,neighbor,0
H550,H915,0.8,1.87,neighbor,0
H550,H564,0.48,2.46,sibling,2
H551,H72,0.85,2.07,other,2
H551,H117,0.53,0.11,other,2
H551,H368,0.49,1.06,cousin,2
H552,H222,0.57,1.17,other,0
H552,H760,0.62,0.53,cousin,2
H552,H91,0.89,0.77,sibling,1
H553,H707,0.97,2.08,neighbor,1
H554,H104,0.74,0.29,cousin,2
H555,H452,0.5,2.34,other,2
H555,H757,0.45,2.09,other,1
H556,H677,0.82,1.51,other,2
H557,H194,0.89,1.66,neighbor,1
H557,H57,0.47,1.46,other,2
H557,H422,0.4,1.24,neighbor,1
H558,H854,0.78,1.74,cousin,2
H559,H477,0.45,1.85,neighbor,1
H560,H889,0.66,1.03,sibling,2
H560,H728,0.93,2.24,cousin,2
H560,H922,0.98,1.59,sibling,2
H560,H417,0.55,2.02,other,0
H561,H563,0.81,0.31,sibling,0
H562,H820,0.72,0.99,sibling,1
H563,H10,0.67,1.38,neighbor,0
H563,H211,0.46,2.21,neighbor,0
H563,H686,0.43,0.12,neighbor,0
H563,H319,0.85,1.38,neighbor,2
H564,H114,0.91,1.59,sibling,2
H564,H69,0.94,1.66,cousin,2
H564,H657,0.96,0.55,sibling,0
H565,H27,0.94,0.56,neighbor,2
H565,H870,0.7,1.72,neighbor,1
H565,H398,0.63,1.93,sibling,2
H565,H955,0.79,0.6,sibling,1
H566,H322,0.67,0.49,sibling,1
H566,H455,0.75,1.54,other,1
H567,H92,0.75,2.06,other,0
H567,H910,0.42,0.53,sibling,1
H568,H686,0.81,1.15,cousin,1
H569,H291,0.49,0.4,sibling,2
H569,H437,0.99,1.63,other,0
H569,H885,0.87,2.33,cousin,2
H569,H954,0.81,1.16,cousin,2
H570,H992,0.84,0.66,neighbor,0
H571,H455,0.7,2.18,neighbor,2
H572,H856,0.93,1.39,neighbor,0
H572,H614,0.7,0.96,other,2
H573,H375,0.68,1.98,other,2
H573,H792,0.73,0.6,other,2
H574,H942,0.78,0.69,sibling,0
H574,H903,0.98,1.39,sibling,2
H575,H440,0.74,0.85,sibling,1
H575,H133,0.82,2.03,cousin,0
H576,H712,0.52,0.14,cousin,0
H576,H821,0.84,1.65,other,1
H577,H26,0.99,2.12,sibling,1
H577,H830,0.78,2.35,other,2
H577,H937,0.59,1.35,other,0
H578,H981,0.53,0.97,cousin,0
H578,H3,0.91,1.21,sibling,0
H579,H352,0.77,2.09,cousin,0
H579,H400,0.9,1.83,sibling,0
H579,H507,0.5,0.83,sibling,1
H579,H262,0.97,2.1,sibling,1
H580,H775,0.46,2.46,cousin,2
H580,H989,0.59,2.33,sibling,1
H581,H707,0.98,2.2,cousin,2
H581,H203,0.97,1.43,neighbor,1
H581,H369,0.9,0.62,cousin,0
H581,H467,0.79,1.41,cousin,2
H582,H611,0.57,0.66,cousin,2
H582,H953,0.82,1.88,sibling,1
H583,H275,0.71,1.47,other,0
H583,H75,0.86,2.4,cousin,0
H583,H662,0.5,2.16,sibling,1
H584,H420,0.94,0.26,cousin,1
H584,H650,0.74,0.37,other,0
H585,H300,0.89,1.08,cousin,0
H586,H976,0.61,0.24,other,2
H586,H932,0.81,2.5,cousin,0
H587,H312,0.83,1.54,sibling,0
H587,H435,0.9,2.37,other,2
H587,H151,0.46,0.34,cousin,1
H587,H442,0.49,2.08,cousin,2
H588,H490,0.97,1.06,neighbor,0
H588,H341,0.73,2.22,other,0
H588,H955,0.45,1.61,sibling,2
H589,H756,0.73,1.93,neighbor,1
H589,H202,0.97,0.71,sibling,0
H590,H998,0.54,1.73,cousin,0
H590,H940,0.51,0.38,sibling,1
H590,H570,0.98,1.3,other,1
H590,H462,0.44,2.33,sibling,2
H591,H599,0.68,1.42,other,0
H591,H635,0.44,0.7,sibling,0
H591,H958,0.59,0.39,sibling,0
H591,H93,0.72,0.37,other,1
H592,H523,0.8,1.83,sibling,1
H592,H308,0.98,1.21,other,0
H592,H860,0.9,0.23,cousin,0
H592,H167,0.93,0.72,cousin,1
H593,H39,0.53,1.53,other,1
H593,H763,0.91,1.45,neighbor,1
H593,H972,0.77,1.52,cousin,2
H594,H380,0.88,0.72,neighbor,2
H595,H385,0.42,0.73,sibling,1
H595,H729,0.99,1.53,other,2
H596,H535,0.64,0.75,cousin,1
H596,H557,0.41,0.84,other,2
H596,H891,0.86,1.87,other,0
H597,H978,0.52,1.74,sibling,0
H597,H778,0.87,1.98,sibling,2
H598,H922,0.92,1.26,sibling,0
H598,H241,0.74,0.91,sibling,1
H598,H687,0.58,2.24,cousin,2
H599,H272,0.61,1.05,other,2
H599,H456,0.87,2.25,neighbor,2
H600,H459,0.49,2.35,other,2
H600,H422,0.93,1.84,cousin,2
H601,H632,0.91,2.39,other,2
H602,H965,0.55,0.81,sibling,1
H603,H316,0.67,1.76,cousin,2
H603,H399,0.59,1.43,neighbor,1
H604,H206,0.79,2.4,cousin,2
H604,H547,0.63,1.81,neighbor,2
H605,H653,0.82,1.61,other,1
H605,H623,0.8,0.12,other,0
H605,H230,0.87,0.3,neighbor,0
H605,H371,0.78,0.41,cousin,2
H606,H485,0.79,1.76,other,2
H607,H62,0.78,0.71,neighbor,2
H607,H172,0.88,2.03,other,1
H607,H788,0.94,1.36,cousin,1
H607,H115,0.41,1.44,neighbor,2
H608,H223,0.51,0.95,neighbor,0
H608,H644,0.44,2.11,neighbor,2
H608,H440,0.6,0.78,sibling,2
H609,H455,0.44,1.84,sibling,0
H609,H209,0.46,0.89,other,0
H609,H569,0.88,2.08,other,2
H610,H510,0.41,1.26,other,0
H610,H656,0.44,1.14,neighbor,0
H610,H134,0.94,0.86,cousin,2
H610,H845,0.72,0.9,sibling,2
H611,H394,0.67,2.47,other,1
H611,H70,0.73,0.69,other,1
H611,H411,0.77,2.23,cousin,2
H612,H700,0.77,0.85,sibling,2
H612,H237,0.45,0.7,cousin,0
H612,H778,0.41,2.26,sibling,0
H613,H383,0.56,1.27,sibling,2
H613,H795,0.68,1.36,other,2
H613,H355,0.69,2.48,other,1
H614,H775,0.43,0.27,cousin,1
H614,H3,0.53,0.72,cousin,0
H614,H452,0.9,1.29,sibling,0
H615,H267,0.62,1.07,cousin,2
H615,H865,0.88,2.46,cousin,0
H615,H213,0.81,1.52,other,0
H616,H965,0.44,1.31,other,1
H617,H649,0.69,1.77,neighbor,1
H618,H162,0.83,2.23,other,1
H619,H749,0.64,0.56,neighbor,1
H619,H374,0.56,2.47,cousin,2
H619,H697,0.91,1.32,sibling,2
H620,H56,0.75,2.25,sibling,0
H620,H201,0.53,0.3,other,2
H620,H868,0.8,1.82,other,2
H620,H560,0.84,2.3,cousin,0
H621,H458,0.86,2.11,sibling,2
H621,H666,0.82,0.66,sibling,0
H621,H180,0.94,0.29,other,0
H621,H645,0.67,0.97,neighbor,1
H622,H434,1.0,1.66,neighbor,2
H622,H668,0.95,0.92,cousin,2
H622,H460,0.92,1.58,other,2
H623,H257,0.68,0.53,cousin,1
H623,H992,0.73,0.59,cousin,0
H623,H197,0.41,0.14,neighbor,2
H624,H652,0.63,0.58,cousin,1
H624,H723,0.59,2.44,cousin,2
H624,H176,0.72,2.43,sibling,2
H625,H92,0.76,0.54,other,2
H625,H959,0.5,2.1,neighbor,1
H625,H343,0.84,1.73,other,0
H625,H571,0.44,0.7,other,2
H626,H889,0.61,1.1,sibling,0
H626,H273,0.71,0.68,neighbor,1
H626,H133,0.89,1.47,cousin,2
H626,H39,0.43,0.81,sibling,0
H627,H275,0.83,2.08,other,2
H627,H967,0.88,2.03,sibling,2
H627,H767,0.69,2.29,neighbor,2
H627,H654,0.49,0.6,neighbor,2
H628,H882,0.76,1.04,cousin,2
H628,H951,0.9,1.08,other,1
H628,H176,0.9,0.23,cousin,1
H629,H669,0.57,1.75,other,0
H629,H960,0.99,1.63,cousin,1
H629,H408,0.91,1.97,cousin,1
H629,H472,0.88,2.2,sibling,1
H630,H478,0.63,1.38,cousin,2
H630,H690,0.73,2.32,cousin,1
H631,H729,0.56,1.66,other,1
H631,H730,0.86,0.86,other,2
H631,H710,0.53,1.08,other,2
H632,H832,0.72,0.83,other,2
H632,H166,0.72,0.76,cousin,2
H632,H433,0.93,1.65,sibling,2
H632,H871,0.91,0.41,neighbor,2
H633,H994,0.49,0.21,other,0
H633,H65,0.5,1.3,cousin,0
H633,H248,0.4,0.63,other,0
H633,H309,0.59,1.98,sibling,0
H634,H499,0.81,2.06,other,2
H634,H844,0.72,0.14,sibling,2
H634,H639,0.81,0.19,sibling,2
H635,H562,0.96,1.51,other,1
H636,H124,0.46,1.88,cousin,2
H636,H220,0.61,1.33,cousin,0
H636,H950,0.59,2.14,other,0
H636,H503,0.77,1.54,sibling,2
H637,H368,0.71,1.82,cousin,1
H637,H744,0.46,0.99,cousin,1
H637,H306,0.56,1.35,other,1
H638,H146,0.86,0.85,sibling,2
H638,H367,0.51,2.01,sibling,2
H639,H500,0.64,2.19,other,1
H639,H540,0.41,0.14,other,1
H639,H167,0.49,0.91,other,2
H640,H838,0.76,1.5,cousin,0
H641,H662,0.56,1.94,neighbor,1
H641,H842,0.83,1.49,other,0
H641,H540,0.81,2.0,neighbor,1
H641,H285,0.7,2.3,sibling,0
H642,H561,0.8,0.34,other,1
H643,H12,0.59,1.95,sibling,2
H643,H809,0.69,1.67,other,1
H643,H402,0.71,0.74,cousin,2
H643,H386,0.58,1.73,cousin,2
H644,H506,0.57,2.09,cousin,2
H645,H545,0.6,1.02,cousin,2
H645,H681,0.7,0.65,sibling,2
H646,H495,0.75,1.15,cousin,1
H646,H550,0.74,0.21,neighbor,0
H646,H82,0.6,0.11,sibling,1
H646,H906,0.96,0.39,neighbor,2
H647,H931,0.55,1.42,sibling,1
H647,H576,0.66,2.23,other,2
H647,H858,0.83,1.01,neighbor,1
H647,H635,0.42,2.28,cousin,2
H648,H9,0.78,2.45,neighbor,1
H648,H640,0.63,1.33,cousin,0
H649,H981,0.56,2.0,other,0
H650,H243,0.89,0.57,cousin,1
H651,H931,0.73,1.29,neighbor,2
H651,H941,0.41,0.52,sibling,2
H652,H598,0.53,1.79,neighbor,0
H653,H882,0.82,0.73,cousin,1
H653,H961,0.85,0.79,neighbor,2
H654,H126,0.67,1.4,neighbor,2
H654,H922,0.81,0.35,neighbor,1
H655,H606,0.59,1.15,other,2
H656,H872,0.82,1.95,sibling,0
H656,H254,0.85,0.79,cousin,1
H656,H837,0.79,1.88,sibling,2
H656,H362,0.58,2.08,cousin,1
H657,H663,0.78,2.01,neighbor,1
H657,H690,0.7,0.24,other,1
H657,H840,0.55,1.32,other,0
H657,H591,0.92,1.08,neighbor,1
H658,H505,0.55,1.47,sibling,1
H658,H756,0.74,1.43,cousin,0
H658,H386,0.59,0.66,other,0
H658,H769,0.51,2.43,neighbor,1
H659,H859,0.59,1.02,other,2
H660,H789,0.88,1.28,cousin,2
H660,H352,0.68,0.57,cousin,2
H660,H829,0.81,0.47,cousin,2
H660,H988,0.68,1.29,neighbor,2
H661,H426,0.62,2.05,neighbor,0
H661,H490,0.76,1.8,other,2
H661,H771,0.69,1.48,other,2
H662,H515,0.79,0.51,sibling,2
H663,H549,0.57,2.18,other,1
H663,H759,0.99,1.6,sibling,2
H663,H211,0.49,0.2,neighbor,2
H664,H396,0.94,1.46,cousin,0
H664,H58,0.58,0.51,neighbor,1
H665,H220,0.69,1.71,cousin,1
H666,H41,0.64,1.33,other,2
H666,H753,0.47,1.39,cousin,1
H666,H675,0.78,1.18,neighbor,0
H666,H159,0.76,2.23,other,1
H667,H887,0.61,0.27,neighbor,1
H667,H171,0.74,2.18,sibling,1
H668,H77,0.89,2.37,cousin,0
H669,H967,0.82,2.47,other,0
H669,H523,0.69,0.88,sibling,1
H670,H466,0.56,1.68,neighbor,2
H670,H584,0.49,1.62,sibling,0
H670,H786,0.68,0.55,other,2
H670,H564,0.81,1.8,neighbor,0
H671,H819,0.81,1.23,cousin,0
H672,H845,0.56,0.58,cousin,2
H673,H874,0.84,0.11,neighbor,1
H673,H868,0.95,0.93,cousin,1
H674,H720,0.73,0.55,cousin,2
H674,H750,0.83,0.76,sibling,1
H674,H782,0.69,2.04,sibling,0
H675,H880,0.49,1.82,sibling,0
H675,H574,0.83,1.95,sibling,1
H675,H251,0.64,1.43,sibling,0
H676,H744,0.64,1.77,neighbor,2
H677,H795,0.53,0.17,other,0
H678,H336,0.57,2.29,sibling,0
H678,H596,0.66,1.67,cousin,2
H678,H647,0.8,0.4,cousin,0
H678,H99,0.61,1.95,other,0
H679,H928,0.5,1.66,neighbor,0
H679,H772,0.73,0.64,other,2
H680,H552,0.58,1.39,other,1
H680,H860,0.42,0.95,sibling,2
H680,H398,0.92,0.38,other,0
H681,H572,0.54,1.56,sibling,2
H681,H615,0.66,1.32,cousin,1
H682,H273,0.62,1.76,cousin,2
H682,H599,0.62,1.2,sibling,2
H682,H184,0.44,1.5,cousin,2
H683,H112,0.7,0.68,other,1
H683,H993,0.98,1.45,neighbor,2
H683,H448,0.51,0.75,other,0
H683,H268,0.74,1.61,neighbor,0
H684,H921,0.74,1.62,sibling,1
H684,H433,0.5,1.86,cousin,2
H684,H702,0.49,0.52,neighbor,0
H684,H936,0.49,2.12,sibling,2
H685,H503,0.57,2.03,other,1
H685,H404,0.42,0.94,sibling,0
H686,H552,0.52,2.02,neighbor,2
H687,H733,0.48,1.7,cousin,0
H687,H405,0.7,0.16,sibling,2
H687,H103,0.75,0.4,cousin,1
H688,H433,0.45,1.16,neighbor,1
H688,H857,0.99,1.85,other,0
H688,H687,0.41,0.1,sibling,1
H689,H248,0.87,0.31,neighbor,2
H690,H374,0.91,1.9,neighbor,1
H691,H375,0.77,0.6,sibling,0
H691,H53,0.61,1.99,sibling,1
H691,H501,0.88,2.23,sibling,1
H692,H159,0.78,0.26,neighbor,1
H692,H755,0.67,1.36,other,2
H693,H44,0.52,1.57,neighbor,2
H693,H596,0.43,1.54,neighbor,0
H693,H700,0.97,0.48,neighbor,2
H693,H921,0.55,2.01,cousin,1
H694,H379,0.45,2.34,sibling,0
H694,H717,0.58,2.26,cousin,0
H694,H547,0.92,1.22,cousin,0
H695,H317,0.9,2.32,sibling,2
H695,H608,0.52,0.56,neighbor,1
H695,H135,0.64,0.46,cousin,2
H695,H271,0.84,2.28,other,0
H696,H869,0.86,0.14,neighbor,1
H696,H697,0.87,0.96,other,0
H697,H149,0.41,1.76,sibling,0
H697,H194,0.42,1.13,neighbor,2
H697,H995,0.62,0.6,other,0
H698,H65,0.77,1.36,neighbor,2
H698,H113,0.57,2.16,other,2
H699,H189,0.88,2.32,sibling,0
H699,H605,0.53,0.43,neighbor,1
H700,H132,0.7,1.08,neighbor,2
H700,H495,0.42,1.2,sibling,1
H700,H982,0.57,0.58,cousin,0
H701,H131,0.98,2.04,neighbor,1
H701,H578,0.49,2.36,sibling,2
H702,H933,0.57,0.44,cousin,2
H702,H142,0.89,1.74,neighbor,0
H702,H122,0.99,1.27,cousin,2
H703,H980,0.54,1.57,cousin,0
H703,H25,0.4,2.2,sibling,0
H703,H198,0.41,2.23,neighbor,1
H704,H802,0.63,0.43,sibling,0
H704,H494,0.61,0.32,other,2
H704,H384,0.51,1.97,other,1
H704,H752,0.8,0.31,cousin,1
H705,H566,0.98,0.74,sibling,0
H705,H427,0.75,2.2,cousin,2
H706,H786,0.99,1.95,other,0
H706,H967,0.62,1.38,other,2
H707,H717,0.96,1.69,sibling,0
H707,H686,0.59,1.45,neighbor,0
H707,H408,0.56,0.36,neighbor,1
H707,H411,0.44,1.45,sibling,0
H708,H869,0.72,1.29,neighbor,2
H708,H62,0.72,0.42,sibling,1
H708,H293,0.6,1.54,neighbor,1
H708,H406,0.41,1.03,neighbor,1
H709,H253,0.9,2.0,other,0
H709,H202,0.96,2.07,neighbor,2
H709,H123,0.94,1.42,cousin,2
H709,H77,0.63,1.8,other,1
H710,H341,0.77,0.15,cousin,1
H710,H829,0.96,0.79,neighbor,0
H710,H47,0.47,1.28,sibling,0
H711,H209,0.55,0.31,neighbor,1
H711,H396,0.84,1.08,neighbor,2
H711,H119,0.51,2.41,cousin,0
H712,H320,0.87,1.58,other,0
H713,H650,0.42,0.78,sibling,0
H713,H458,0.72,1.38,cousin,0
H713,H176,0.64,1.34,other,0
H713,H605,0.83,1.75,cousin,2
H714,H765,0.5,0.39,cousin,1
H715,H442,0.93,1.78,other,2
H715,H178,0.94,1.19,cousin,1
H715,H448,0.9,0.13,other,2
H716,H564,0.6,1.85,sibling,2
H716,H60,0.43,0.67,other,0
H716,H426,0.96,0.62,cousin,2
H717,H970,0.76,1.25,cousin,1
H717,H444,0.57,2.08,sibling,1
H717,H215,0.64,0.91,cousin,0
H718,H226,0.64,1.03,sibling,1
H718,H10,0.97,0.97,sibling,0
H718,H301,0.51,2.07,sibling,2
H719,H162,0.74,0.25,sibling,2
H720,H729,0.41,0.3,sibling,0
H720,H952,0.41,2.0,neighbor,0
H720,H555,0.54,1.1,cousin,0
H720,H208,0.72,1.81,other,2
H721,H780,0.99,0.58,cousin,1
H721,H438,0.48,1.04,other,2
H721,H926,0.45,1.32,neighbor,2
H722,H951,0.57,2.17,cousin,0
H723,H54,0.67,2.06,neighbor,0
H723,H473,0.6,1.06,sibling,1
H724,H178,0.93,0.35,other,1
H724,H83,0.62,0.4,cousin,1
H724,H302,0.65,0.47,sibling,2
H724,H208,0.47,1.28,sibling,1
H725,H838,0.84,1.43,neighbor,0
H725,H672,0.91,0.15,neighbor,0
H726,H707,0.97,0.17,other,0
H726,H109,0.77,1.56,other,0
H727,H851,0.8,0.25,neighbor,2
H728,H540,0.58,1.61,neighbor,0
H728,H206,0.73,0.85,neighbor,2
H728,H65,0.96,0.32,sibling,1
H729,H246,0.44,2.27,cousin,2
H729,H972,0.6,1.34,other,2
H730,H563,0.82,1.77,other,1
H730,H429,0.85,1.29,neighbor,1
H730,H905,0.98,1.5,neighbor,0
H730,H753,0.81,0.29,other,2
H731,H941,0.46,1.59,other,2
H731,H626,0.74,0.34,other,2
H732,H900,0.74,2.09,sibling,0
H733,H844,0.57,1.52,neighbor,2
H734,H647,0.53,0.75,neighbor,2
H734,H988,0.78,2.12,neighbor,0
H734,H312,0.74,0.24,other,2
H735,H357,0.57,2.0,other,1
H735,H912,1.0,0.47,cousin,2
H735,H423,0.5,2.26,neighbor,0
H736,H277,0.77,0.13,cousin,1
H736,H229,0.95,2.35,cousin,1
H736,H133,0.66,1.87,sibling,1
H736,H626,0.67,1.62,cousin,0
H737,H663,0.46,0.9,neighbor,0
H737,H764,0.94,0.25,neighbor,2
H737,H94,0.56,2.16,neighbor,2
H737,H371,0.45,1.51,sibling,0
H738,H784,0.57,0.33,sibling,2
H738,H250,0.51,0.46,sibling,0
H738,H996,0.48,2.37,sibling,2
H739,H127,0.68,0.68,cousin,2
H740,H144,0.92,1.61,cousin,2
H740,H513,0.64,1.03,other,1
H740,H996,0.77,0.89,sibling,0
H741,H667,0.97,0.91,neighbor,2
H741,H53,0.42,1.03,cousin,2
H741,H898,0.8,1.96,sibling,2
H742,H760,0.55,0.34,other,1
H742,H511,0.87,0.34,neighbor,1
H742,H708,0.45,1.36,cousin,1
H742,H349,0.94,2.43,neighbor,2
H743,H907,0.79,1.62,neighbor,2
H743,H66,0.68,1.25,other,1
H744,H868,0.72,1.79,other,0
H745,H44,0.6,0.41,other,2
H745,H217,0.6,0.59,neighbor,1
H745,H38,0.44,2.18,cousin,1
H746,H410,0.83,0.61,neighbor,0
H746,H191,0.73,1.88,sibling,1
H747,H71,0.84,2.02,neighbor,2
H747,H169,0.88,1.91,sibling,1
H748,H995,0.94,1.95,other,1
H748,H468,0.96,0.56,other,0
H748,H174,0.42,0.24,sibling,2
H748,H354,0.91,1.77,other,0
H749,H713,0.52,0.39,sibling,2
H749,H44,1.0,0.74,sibling,1
H750,H41,0.79,1.78,sibling,2
H750,H310,0.8,0.32,sibling,1
H750,H789,0.71,2.06,neighbor,1
H751,H589,0.45,1.09,sibling,2
H751,H244,0.64,1.74,neighbor,1
H752,H796,0.56,0.72,cousin,2
H752,H315,0.65,0.66,cousin,0
H753,H178,0.72,1.09,cousin,2
H753,H871,0.69,0.75,sibling,1
H754,H333,0.69,1.17,neighbor,2
H755,H899,0.55,1.16,other,2
H755,H698,0.74,0.21,other,2
H756,H864,0.77,1.85,neighbor,0
H756,H851,0.98,1.0,other,2
H757,H282,0.89,1.37,sibling,1
H757,H501,0.83,1.06,sibling,1
H758,H821,0.47,1.99,other,1
H758,H416,0.95,0.77,neighbor,1
H759,H829,0.77,1.36,cousin,0
H759,H184,0.44,2.34,sibling,0
H759,H214,0.76,2.47,sibling,1
H759,H618,0.83,0.6,other,2
H760,H695,0.99,2.45,neighbor,2
H760,H85,0.88,1.55,neighbor,0
H761,H931,0.54,2.04,neighbor,2
H761,H159,0.87,1.11,sibling,1
H761,H243,0.61,1.09,other,0
H761,H838,0.49,0.42,other,0
H762,H369,0.88,1.92,cousin,1
H762,H780,0.43,1.69,sibling,2
H763,H820,0.68,1.13,neighbor,2
H763,H765,0.99,1.26,neighbor,1
H763,H255,0.6,1.83,other,2
H764,H659,0.74,2.29,sibling,2
H764,H947,0.8,1.89,sibling,1
H765,H427,0.67,0.29,neighbor,0
H766,H117,0.95,1.14,sibling,1
H766,H314,0.61,2.12,cousin,2
H766,H627,0.53,2.37,neighbor,2
H767,H741,0.96,2.32,neighbor,0
H767,H694,0.65,0.95,cousin,1
H767,H401,0.41,0.48,other,2
H767,H417,0.96,1.19,sibling,2
H768,H560,0.86,1.6,cousin,1
H768,H861,0.43,1.7,cousin,2
H768,H94,0.85,0.77,other,1
H768,H608,0.81,2.25,other,1
H769,H824,0.43,0.5,other,1
H769,H482,0.71,0.75,other,2
H769,H517,0.48,1.05,cousin,2
H769,H242,0.57,1.87,sibling,2
H770,H321,0.56,0.72,sibling,0
H770,H350,0.87,0.55,sibling,2
H770,H315,0.66,1.61,sibling,2
H771,H868,0.88,0.64,neighbor,2
H771,H488,0.42,0.29,sibling,0
H772,H369,0.67,1.91,neighbor,1
H772,H329,0.96,2.24,cousin,2
H772,H841,0.78,2.19,sibling,1
H773,H116,0.46,1.66,neighbor,0
H773,H412,0.54,0.6,neighbor,2
H773,H987,0.96,1.15,cousin,2
H773,H427,0.55,2.17,sibling,1
H774,H202,0.88,1.56,other,0
H774,H646,0.55,1.85,neighbor,0
H775,H111,0.41,1.43,neighbor,2
H775,H693,0.5,0.97,neighbor,0
H775,H593,0.43,1.86,sibling,2
H776,H696,0.46,1.78,sibling,0
H777,H703,0.87,1.5,sibling,2
H777,H572,0.9,1.26,sibling,2
H777,H780,0.43,0.5,sibling,0
H777,H274,0.64,1.26,cousin,2
H778,H745,1.0,0.85,neighbor,1
H778,H834,0.51,1.63,other,2
H778,H630,0.45,0.31,sibling,1
H778,H31,0.42,1.58,neighbor,2
H779,H795,0.8,0.92,other,0
H779,H436,0.48,1.59,sibling,0
H779,H156,0.84,0.39,cousin,1
H780,H550,0.81,0.62,neighbor,1
H780,H310,0.99,0.19,neighbor,0
H780,H883,0.4,2.46,cousin,0
H780,H631,0.83,1.28,other,2
H781,H392,0.41,0.11,sibling,1
H781,H286,0.47,1.33,sibling,2
H781,H586,0.94,0.68,sibling,1
H782,H786,0.63,1.54,sibling,1
H782,H929,0.84,2.09,sibling,2
H782,H715,0.47,0.61,other,2
H782,H410,0.73,1.98,sibling,2
H783,H30,0.75,1.87,neighbor,2
H784,H264,0.64,0.74,sibling,1
H784,H184,0.65,0.86,neighbor,1
H784,H666,0.55,0.26,other,0
H784,H327,0.57,0.21,neighbor,2
H785,H484,0.6,1.43,sibling,1
H785,H837,0.46,1.04,sibling,1
H785,H103,0.68,1.24,neighbor,0
H785,H40,0.54,0.5,cousin,0
H786,H64,0.63,1.62,cousin,1
H786,H239,0.85,1.93,sibling,0
H787,H39,0.69,1.25,other,1
H788,H546,0.48,1.88,other,1
H788,H757,0.86,1.24,cousin,2
H788,H569,0.74,0.92,neighbor,0
H788,H921,0.63,0.91,neighbor,2
H789,H748,0.54,0.55,neighbor,2
H789,H949,0.59,1.06,neighbor,0
H790,H563,0.81,0.31,cousin,0
H791,H47,0.82,1.89,cousin,2
H791,H233,0.96,1.85,cousin,0
H791,H914,0.45,1.04,neighbor,1
H792,H990,0.45,2.3,sibling,0
H793,H574,0.47,1.13,neighbor,1
H794,H39,0.71,2.25,other,1
H794,H488,0.57,0.67,sibling,1
H794,H365,0.99,1.07,neighbor,1
H794,H69,0.93,0.13,other,0
H795,H501,0.44,1.86,sibling,1
H795,H102,0.8,1.59,cousin,0
H796,H363,0.41,1.38,neighbor,1
H797,H279,0.46,0.24,sibling,1
H798,H399,0.63,2.31,other,2
H798,H884,0.79,1.64,sibling,2
H799,H180,0.8,2.2,sibling,2
H799,H828,0.78,2.1,cousin,2
H799,H262,0.56,1.2,cousin,1
H799,H273,0.69,1.03,sibling,2
H800,H328,0.47,1.55,cousin,1
H800,H761,0.45,0.34,sibling,1
H800,H541,0.63,0.66,cousin,0
H800,H652,0.82,2.46,neighbor,2
H801,H930,0.94,0.1,cousin,2
H802,H777,0.85,2.42,neighbor,2
H803,H924,0.95,0.4,sibling,2
H803,H402,0.83,1.6,neighbor,1
H803,H243,0.45,0.56,sibling,0
H803,H544,0.89,0.66,cousin,0
H804,H664,0.92,1.85,other,2
H804,H256,0.78,1.0,neighbor,2
H805,H188,0.79,0.25,cousin,2
H806,H134,0.76,0.48,sibling,1
H807,H399,0.74,2.18,neighbor,1
H807,H434,0.96,0.42,cousin,2
H807,H759,0.61,2.02,neighbor,2
H807,H445,0.6,1.76,cousin,1
H808,H235,0.86,0.11,cousin,2
H808,H831,0.51,1.61,sibling,0
H808,H514,0.79,1.73,other,2
H808,H571,0.62,0.2,neighbor,1
H809,H404,0.8,1.84,neighbor,1
H809,H748,0.6,1.7,other,0
H810,H835,0.74,0.79,other,0
H810,H236,0.67,1.56,sibling,2
H810,H429,0.92,2.18,neighbor,1
H810,H601,0.98,2.08,other,2
H811,H563,0.62,1.2,cousin,1
H811,H28,0.57,1.68,cousin,0
H811,H425,0.41,1.34,other,2
H812,H718,0.93,0.59,sibling,1
H812,H571,0.68,1.68,neighbor,1
H812,H470,0.59,1.02,neighbor,1
H812,H525,0.83,0.61,other,2
H813,H56,1.0,2.36,neighbor,0
H814,H56,0.9,0.99,cousin,2
H814,H874,0.77,1.67,neighbor,0
H814,H313,0.4,1.55,cousin,2
H815,H508,0.69,2.31,cousin,0
H815,H886,0.85,2.49,neighbor,0
H815,H49,0.81,2.35,sibling,2
H816,H349,0.67,0.54,sibling,1
H816,H777,0.97,1.79,other,0
H816,H318,0.69,1.04,other,2
H816,H548,0.57,2.46,cousin,2
H817,H117,0.69,1.21,sibling,2
H817,H140,0.84,1.25,other,2
H817,H174,0.75,1.88,sibling,1
H817,H972,0.98,0.12,cousin,2
H818,H387,0.64,0.69,sibling,1
H818,H58,0.64,1.2,neighbor,2
H818,H848,0.59,1.85,cousin,1
H818,H699,0.87,0.41,cousin,2
H819,H22,0.76,2.25,neighbor,1
H819,H220,0.82,1.29,neighbor,1
H819,H595,0.94,0.55,other,2
H820,H339,0.98,2.14,neighbor,1
H820,H529,0.85,0.9,neighbor,0
H820,H85,0.94,0.5,other,1
H820,H884,0.55,0.48,other,1
H821,H825,0.83,0.19,other,2
H821,H476,0.56,0.67,cousin,1
H821,H400,0.48,1.44,neighbor,1
H822,H737,0.75,2.21,cousin,2
H822,H255,0.61,1.34,sibling,2
H822,H395,0.53,0.25,other,0
H822,H196,0.5,0.11,neighbor,2
H823,H788,0.6,1.05,sibling,0
H824,H470,0.63,1.45,neighbor,1
H825,H838,0.85,0.18,neighbor,1
H825,H960,0.7,0.6,other,0
H825,H400,0.65,2.21,sibling,0
H826,H458,0.6,2.26,sibling,0
H827,H691,0.63,0.69,other,0
H827,H793,0.87,1.11,cousin,1
H828,H88,0.49,1.48,sibling,0
H828,H945,0.64,1.62,other,0
H828,H885,0.65,0.39,sibling,1
H829,H764,0.67,2.49,other,2
H829,H168,0.93,0.5,other,0
H830,H346,0.89,2.16,cousin,1
H831,H697,0.84,1.64,other,1
H831,H847,0.92,2.14,other,1
H831,H600,0.72,1.46,neighbor,1
H831,H383,0.76,0.44,other,2
H832,H181,0.83,0.23,cousin,2
H832,H269,0.55,0.19,other,2
H833,H19,0.87,0.79,cousin,0
H834,H539,0.53,1.61,cousin,1
H835,H505,0.59,1.52,other,1
H835,H982,1.0,2.21,cousin,0
H835,H476,0.79,0.87,other,2
H836,H91,0.59,2.47,neighbor,2
H836,H104,0.58,0.77,other,0
H837,H882,0.87,2.13,neighbor,1
H837,H100,0.93,0.91,other,1
H837,H973,0.68,0.8,other,2
H838,H370,0.88,0.79,sibling,1
H839,H865,0.99,2.01,other,0
H839,H606,0.91,1.06,neighbor,1
H840,H245,0.76,2.18,other,0
H841,H185,0.65,0.24,sibling,0
H841,H314,0.51,0.17,other,1
H842,H190,0.89,1.55,sibling,1
H842,H96,0.76,0.94,sibling,2
H843,H617,0.84,2.08,neighbor,0
H843,H161,0.87,0.76,neighbor,0
H843,H581,0.65,2.43,neighbor,0
H843,H89,0.89,1.04,other,0
H844,H882,0.62,0.67,neighbor,0
H844,H517,0.56,2.07,neighbor,0
H845,H322,0.8,1.94,neighbor,0
H846,H404,0.67,0.27,other,0
H846,H121,0.81,2.01,sibling,1
H847,H30,0.66,0.31,neighbor,2
H847,H969,0.62,1.12,cousin,1
H848,H857,0.51,0.4,neighbor,0
H849,H235,1.0,0.34,sibling,1
H850,H880,0.52,0.22,sibling,2
H850,H573,0.69,0.29,other,1
H850,H140,0.6,0.28,cousin,0
H851,H572,0.9,1.66,cousin,0
H851,H980,0.89,1.86,cousin,2
H851,H581,0.56,1.82,cousin,1
H851,H104,0.56,2.08,other,0
H852,H431,0.42,1.07,neighbor,1
H852,H481,0.76,0.66,other,1
H853,H581,0.72,0.66,other,0
H853,H588,0.49,1.58,neighbor,0
H853,H555,0.85,2.2,sibling,2
H853,H44,0.91,1.25,cousin,2
H854,H208,0.77,0.97,cousin,1
H854,H957,0.94,0.85,sibling,0
H854,H937,0.61,0.57,cousin,1
H854,H276,0.58,0.59,other,0
H855,H496,0.42,1.44,sibling,1
H855,H652,0.49,1.48,sibling,0
H855,H838,0.94,1.48,sibling,2
H855,H748,0.49,0.76,other,1
H856,H150,0.5,2.43,sibling,0
H856,H888,0.69,1.2,neighbor,2
H856,H654,0.76,1.05,sibling,1
H856,H162,0.64,1.35,cousin,0
H857,H292,0.9,0.26,other,2
H857,H752,0.64,1.79,neighbor,0
H858,H274,0.52,1.99,sibling,1
H858,H319,0.89,0.42,sibling,0
H859,H630,0.67,1.39,cousin,1
H859,H658,0.49,0.28,other,2
H859,H236,0.81,1.68,cousin,2
H860,H127,0.77,0.67,neighbor,0
H861,H31,0.44,0.3,neighbor,2
H861,H914,0.6,0.96,neighbor,1
H862,H625,0.85,2.21,sibling,0
H862,H417,0.52,2.08,other,1
H863,H324,0.92,1.78,cousin,2
H863,H74,0.63,0.83,other,1
H863,H294,0.77,0.34,sibling,0
H864,H669,0.47,0.91,sibling,1
H864,H839,0.83,1.84,cousin,2
H865,H591,0.5,1.43,cousin,0
H865,H356,0.51,1.52,cousin,2
H865,H681,0.95,2.44,cousin,2
H865,H684,0.81,1.19,cousin,2
H866,H885,0.96,1.6,cousin,0
H867,H669,0.43,1.2,neighbor,2
H867,H378,0.45,1.24,cousin,0
H867,H243,0.54,0.24,other,0
H867,H604,0.9,1.07,neighbor,0
H868,H723,0.54,1.89,neighbor,0
H868,H334,0.77,0.68,other,2
H869,H292,0.45,0.54,neighbor,0
H870,H13,0.8,0.49,neighbor,0
H870,H180,0.69,0.2,other,0
H871,H392,0.85,1.14,neighbor,2
H872,H303,0.81,1.45,neighbor,1
H872,H729,0.76,0.21,other,1
H872,H999,0.69,0.11,neighbor,0
H872,H988,0.86,1.55,sibling,2
H873,H646,0.5,0.81,sibling,1
H873,H829,0.9,1.73,neighbor,2
H873,H102,0.41,2.41,neighbor,0
H873,H892,0.46,1.55,cousin,1
H874,H626,0.9,1.33,neighbor,1
H874,H70,0.43,0.89,cousin,2
H875,H115,0.57,2.42,cousin,1
H875,H610,0.67,2.15,cousin,1
H875,H775,0.53,1.53,sibling,0
H875,H906,0.82,1.23,cousin,0
H876,H634,0.94,0.21,other,1
H877,H795,0.8,0.85,sibling,0
H878,H720,0.6,1.62,other,0
H879,H896,0.74,0.47,cousin,0
H879,H6,0.98,2.38,sibling,2
H879,H937,0.76,0.28,neighbor,2
H879,H417,0.63,1.22,neighbor,1
H880,H546,0.72,0.66,other,0
H880,H535,0.42,1.44,other,1
H880,H873,0.91,0.31,sibling,2
H880,H311,0.84,0.59,neighbor,2
H881,H52,0.72,1.72,neighbor,0
H881,H752,0.42,1.1,cousin,0
H881,H154,0.6,0.24,other,2
H881,H204,0.94,0.71,neighbor,0
H882,H867,0.6,2.43,neighbor,1
H883,H574,0.93,0.53,cousin,2
H883,H54,0.5,1.19,other,1
H883,H39,0.71,0.39,sibling,1
H883,H153,0.66,2.38,cousin,1
H884,H322,0.49,0.68,cousin,2
H885,H409,0.48,1.93,other,2
H885,H944,0.49,0.96,other,0
H885,H942,0.46,0.68,other,1
H885,H884,0.87,0.66,other,2
H886,H185,0.5,2.24,cousin,0
H886,H254,0.89,1.64,other,2
H886,H233,0.95,1.15,sibling,1
H887,H414,0.45,0.14,other,0
H887,H227,0.44,1.04,other,2
H888,H579,0.9,0.87,cousin,0
H888,H593,0.96,1.81,neighbor,1
H888,H898,0.78,1.53,other,2
H889,H687,0.45,0.66,neighbor,2
H890,H771,0.74,0.51,sibling,1
H890,H90,0.76,1.64,sibling,2
H891,H933,0.85,1.65,neighbor,0
H891,H430,0.48,2.2,sibling,2
H891,H123,0.7,1.88,other,1
H892,H698,0.56,1.28,sibling,0
H892,H515,0.87,2.47,cousin,0
H893,H72,0.94,2.2,other,1
H894,H298,0.79,1.79,other,0
H894,H914,0.58,1.34,cousin,2
H894,H434,0.98,2.04,other,1
H894,H509,0.65,0.32,neighbor,0
H895,H31,0.47,0.97,other,1
H895,H805,0.8,0.76,other,0
H895,H749,0.69,1.93,neighbor,2
H895,H211,0.7,2.29,sibling,1
H896,H953,0.88,1.56,other,0
H896,H428,0.4,0.53,cousin,0
H897,H794,0.54,1.71,other,0
H897,H711,0.91,2.37,neighbor,1
H898,H552,0.98,1.03,sibling,1
H898,H878,0.91,1.08,cousin,1
H898,H387,0.48,1.5,cousin,2
H899,H310,0.99,0.76,other,2
H899,H282,0.82,1.72,other,1
H899,H81,0.85,1.57,other,1
H900,H685,0.93,1.63,neighbor,2
H900,H994,0.75,0.98,sibling,2
H901,H631,0.58,1.22,cousin,0
H902,H440,0.88,2.07,sibling,2
H902,H55,0.95,0.96,neighbor,2
H902,H754,0.91,0.58,other,0
H903,H411,0.98,1.75,sibling,2
H903,H823,0.45,1.21,cousin,0
H904,H392,0.74,1.58,neighbor,1
H904,H120,0.92,2.12,sibling,1
H904,H154,0.54,0.91,sibling,0
H905,H512,0.95,0.33,neighbor,0
H905,H396,0.42,2.49,sibling,0
H905,H746,0.67,0.75,other,2
H906,H921,0.49,0.48,cousin,0
H906,H355,0.51,1.69,neighbor,0
H907,H556,0.99,0.55,other,1
H907,H16,0.52,0.66,other,1
H907,H942,0.98,0.68,cousin,2
H908,H267,0.74,1.27,cousin,1
H909,H130,0.72,1.67,neighbor,1
H909,H509,0.89,2.23,other,0
H909,H860,0.85,1.95,other,2
H909,H601,0.75,0.66,other,1
H910,H974,0.47,1.83,cousin,0
H911,H816,0.49,2.46,other,2
H911,H532,0.61,1.43,cousin,1
H911,H292,0.64,1.28,other,2
H911,H97,0.62,1.82,other,1
H912,H709,0.97,2.45,other,1
H912,H673,0.56,1.73,sibling,0
H912,H985,0.86,2.34,neighbor,0
H913,H748,0.52,2.0,sibling,2
H913,H313,0.59,1.86,neighbor,1
H914,H953,0.97,1.09,neighbor,1
H914,H3,0.84,1.51,other,0
H915,H871,0.64,2.22,sibling,1
H915,H493,0.93,0.45,cousin,2
H915,H897,0.92,1.72,sibling,0
H915,H992,0.68,0.16,neighbor,1
H916,H52,0.96,2.49,other,0
H916,H421,0.65,0.31,sibling,2
H917,H881,0.73,0.52,other,0
H917,H651,0.89,1.44,other,2
H918,H431,0.46,2.48,sibling,0
H918,H250,0.45,0.4,cousin,2
H919,H960,0.62,1.97,neighbor,0
H919,H169,0.89,1.66,other,2
H919,H453,0.54,1.24,other,0
H919,H763,0.62,1.08,cousin,0
H920,H831,0.77,1.04,cousin,2
H921,H464,0.45,1.87,cousin,2
H921,H312,0.4,2.18,cousin,1
H921,H79,0.94,2.42,neighbor,2
H921,H617,0.41,1.99,other,0
H922,H426,0.57,0.76,neighbor,0
H923,H837,0.46,0.4,cousin,0
H923,H115,0.8,1.13,cousin,0
H924,H875,0.99,2.33,cousin,2
H924,H237,0.69,0.58,sibling,2
H925,H914,0.71,1.78,neighbor,2
H925,H148,0.65,1.3,other,0
H926,H373,0.97,0.67,sibling,0
H926,H54,0.92,0.41,sibling,0
H926,H540,0.64,2.19,cousin,2
H927,H860,0.43,0.21,neighbor,0
H928,H4,0.86,0.58,cousin,0
H928,H445,0.86,1.77,other,1
H928,H960,0.61,0.68,neighbor,1
H928,H371,0.94,1.44,cousin,0
H929,H468,0.73,0.69,cousin,2
H929,H995,0.57,2.42,other,0
H930,H792,0.46,0.99,neighbor,2
H930,H727,0.93,1.68,neighbor,2
H930,H43,0.84,2.04,sibling,2
H930,H637,0.42,1.29,cousin,1
H931,H119,0.77,0.72,cousin,0
H931,H796,0.88,0.17,cousin,2
H932,H905,0.65,0.91,sibling,1
H932,H8,0.89,0.65,other,2
H932,H718,0.91,2.32,neighbor,1
H933,H127,0.81,1.98,cousin,2
H934,H559,0.87,0.92,cousin,1
H934,H652,0.99,2.39,other,1
H935,H432,0.88,0.79,sibling,1
H935,H144,0.91,0.67,neighbor,2
H936,H244,0.79,1.57,sibling,1
H936,H144,0.9,0.17,sibling,0
H937,H217,0.62,2.4,cousin,0
H937,H930,0.95,0.33,other,1
H937,H942,0.95,1.94,cousin,2
H938,H267,0.79,0.76,sibling,2
H939,H805,0.42,1.48,sibling,1
H939,H560,0.79,2.36,other,1
H940,H429,0.6,1.9,cousin,1
H941,H128,0.59,0.84,cousin,2
H941,H297,0.51,0.6,neighbor,1
H941,H914,0.41,1.67,neighbor,2
H942,H695,0.72,1.34,cousin,2
H942,H735,0.79,0.42,neighbor,1
H942,H544,0.76,1.22,other,2
H943,H233,0.65,1.1,other,0
H943,H147,0.87,1.79,sibling,0
H944,H60,0.7,1.31,sibling,1
H944,H854,0.55,2.05,neighbor,0
H944,H826,0.46,0.24,other,1
H944,H729,0.71,0.68,cousin,0
H945,H92,0.57,2.36,cousin,1
H945,H862,0.64,1.51,cousin,2
H945,H585,0.51,1.22,other,0
H945,H982,0.66,1.36,other,1
H946,H462,0.49,0.16,neighbor,0
H946,H790,0.81,1.61,neighbor,2
H947,H19,0.93,1.36,cousin,0
H947,H219,0.84,1.79,neighbor,1
H947,H742,0.75,1.52,sibling,0
H947,H132,0.98,0.3,sibling,1
H948,H931,0.55,2.32,other,1
H949,H339,0.49,0.47,cousin,1
H950,H644,0.73,1.15,cousin,2
H950,H60,0.44,1.63,cousin,0
H950,H429,0.43,1.93,neighbor,1
H951,H491,0.77,1.41,neighbor,0
H952,H603,0.57,0.72,cousin,0
H952,H598,0.98,0.74,other,2
H952,H985,0.77,0.54,sibling,1
H952,H732,0.56,0.78,other,1
H953,H478,0.54,2.48,other,0
H953,H522,0.57,2.25,neighbor,1
H954,H447,0.98,0.94,cousin,1
H954,H798,0.58,1.03,sibling,0
H954,H603,0.49,0.4,cousin,2
H955,H922,0.9,1.56,other,0
H956,H36,0.66,0.4,other,2
H956,H916,0.95,0.32,sibling,0
H957,H822,0.73,1.66,other,2
H958,H254,0.64,2.08,cousin,2
H958,H347,0.46,2.3,cousin,2
H959,H161,0.51,0.32,cousin,2
H959,H861,0.74,1.48,other,0
H960,H879,0.76,2.08,cousin,2
H960,H702,0.69,1.24,other,1
H960,H956,0.75,1.13,neighbor,2
H961,H488,0.94,0.95,cousin,1
H962,H904,0.87,1.2,sibling,0
H962,H76,0.76,0.41,cousin,0
H963,H425,0.68,0.41,neighbor,2
H963,H651,0.87,2.35,cousin,0
H963,H53,0.53,1.64,sibling,2
H963,H980,0.44,2.06,sibling,2
H964,H27,0.75,1.61,cousin,2
H965,H224,0.5,0.58,neighbor,0
H965,H426,0.51,2.46,sibling,0
H965,H301,0.77,0.43,neighbor,2
H965,H363,0.4,1.84,sibling,1
H966,H873,0.78,0.67,neighbor,1
H967,H672,0.79,0.25,sibling,1
H967,H261,0.63,2.08,neighbor,1
H968,H313,0.58,1.25,cousin,0
H969,H644,0.96,1.88,other,1
H969,H46,0.73,1.48,other,1
H969,H942,0.43,1.86,cousin,1
H969,H906,0.71,0.93,cousin,1
H970,H466,0.87,0.56,cousin,2
H970,H519,0.94,0.78,other,2
H970,H799,0.42,0.57,neighbor,0
H970,H744,0.58,2.26,sibling,1
H971,H804,0.49,1.68,other,1
H972,H472,0.86,0.54,sibling,1
H972,H997,0.57,1.46,sibling,0
H972,H320,0.53,0.3,neighbor,2
H972,H281,0.78,2.14,other,2
H973,H41,0.53,1.89,sibling,0
H974,H42,0.86,0.7,other,2
H975,H56,0.7,1.7,other,1
H975,H186,0.49,0.84,cousin,0
H975,H533,0.54,0.1,other,0
H975,H489,0.41,1.36,other,2
H976,H370,0.94,0.54,neighbor,0
H976,H352,0.53,2.48,cousin,0
H976,H558,0.79,1.85,neighbor,1
H977,H483,0.6,2.09,neighbor,1
H977,H102,0.54,1.83,cousin,0
H977,H369,0.79,0.98,sibling,1
H978,H617,0.79,2.37,other,1
H978,H366,1.0,1.24,other,2
H978,H618,0.72,1.45,neighbor,0
H979,H272,0.62,1.8,sibling,2
H979,H808,0.46,2.24,other,1
H980,H161,0.97,0.12,other,0
H981,H519,0.99,0.52,cousin,2
H981,H90,0.91,1.82,cousin,2
H982,H373,0.77,0.26,cousin,1
H982,H311,0.92,2.38,sibling,0
H983,H526,0.71,1.81,other,2
H983,H473,0.93,2.37,cousin,0
H983,H918,0.49,0.67,other,1
H983,H255,0.98,1.78,cousin,1
H984,H851,0.7,0.16,neighbor,2
H984,H80,0.52,0.62,neighbor,2
H985,H132,0.68,1.9,cousin,2
H986,H305,0.97,2.42,neighbor,0
H986,H301,0.93,1.26,cousin,1
H986,H413,0.9,1.63,neighbor,0
H987,H708,0.85,0.62,other,2
H988,H566,0.94,1.79,cousin,1
H988,H177,0.93,0.61,other,1
H988,H802,0.87,0.41,other,0
H989,H183,0.82,1.11,sibling,1
H990,H623,0.82,1.31,sibling,2
H990,H100,0.69,1.92,other,0
H990,H203,0.79,0.89,neighbor,0
H990,H744,0.91,0.69,neighbor,0
H991,H144,0.95,1.8,neighbor,2
H991,H173,0.88,2.2,cousin,0
H991,H322,0.7,1.79,other,2
H992,H871,0.87,1.95,cousin,1
H992,H983,0.6,1.16,sibling,0
H993,H347,0.56,0.36,neighbor,2
H993,H864,0.6,0.48,neighbor,2
H993,H74,0.41,2.11,cousin,2
H994,H108,0.78,1.58,other,1
H994,H175,0.77,1.36,other,1
H994,H599,1.0,1.23,cousin,2
H995,H677,0.67,1.22,neighbor,1
H995,H128,0.7,1.36,cousin,1
H995,H29,0.78,1.9,other,0
H995,H605,0.84,1.28,neighbor,2
H996,H377,0.89,1.88,neighbor,2
H996,H275,0.88,2.29,other,1
H996,H768,0.71,1.19,cousin,0
H996,H104,0.58,0.83,cousin,1
H997,H713,0.99,0.73,sibling,0
H997,H186,0.41,2.35,sibling,2
H998,H478,0.72,0.74,other,1
H998,H384,0.68,1.83,neighbor,0
H999,H196,0.9,1.66,cousin,1
H999,H288,0.75,0.56,cousin,2
H999,H825,0.65,0.91,cousin,0
H999,H198,0.74,1.99,neighbor,2
H1000,H603,0.95,1.84,cousin,1
H1000,H713,0.44,2.44,other,0
